Date,Market_Name,Actual,Predicted
2024-01-03,Achalpur,4600,4632.17525692331
2024-01-05,Achalpur,4550,4645.825435638795
2024-01-06,Achalpur,4550,4597.72261472141
2024-01-08,Achalpur,4550,4540.401491982115
2024-01-11,Achalpur,4525,4567.442727938158
2024-01-16,Achalpur,4525,4570.183750836206
2024-01-23,Achalpur,4450,4540.450498176078
2024-01-26,Achalpur,4325,4469.99115266712
2024-01-27,Achalpur,4350,4399.808788706119
2024-01-29,Achalpur,4400,4395.010918889206
2024-01-31,Achalpur,4350,4430.384873510458
2024-02-02,Achalpur,4200,4350.2668886247175
2024-02-07,Achalpur,4175,4209.18175687755
2024-02-08,Achalpur,4325,4208.835137161272
2024-02-12,Achalpur,4290,4343.292105012893
2024-02-15,Achalpur,4150,4299.660172873329
2024-02-16,Achalpur,4213,4160.628996687323
2024-02-19,Achalpur,4225,4175.693183468531
2024-02-20,Achalpur,4288,4281.5087473161
2024-02-21,Achalpur,4288,4314.118780625387
2024-02-22,Achalpur,4325,4274.0771139779645
2024-02-23,Achalpur,4200,4267.11611558422
2024-02-29,Achalpur,4185,4247.196054465043
2024-03-01,Achalpur,4175,4202.035261779669
2024-03-02,Achalpur,4150,4230.134212389472
2024-03-04,Achalpur,4265,4195.017865771051
2024-03-06,Achalpur,4200,4233.029248705352
2024-03-11,Achalpur,4265,4190.897043475043
2024-03-13,Achalpur,4225,4213.430629453691
2024-03-14,Achalpur,4320,4250.456488645885
2024-03-15,Achalpur,4300,4295.082520988237
2024-03-19,Achalpur,4320,4327.2294906711195
2024-03-21,Achalpur,4190,4262.730879424271
2024-03-22,Achalpur,4300,4252.356031229292
2024-03-28,Achalpur,4208,4259.224718817537
2024-04-01,Achalpur,4250,4305.719786774254
2024-04-02,Achalpur,4200,4243.059965416243
2024-04-05,Achalpur,4350,4272.471197243292
2024-04-15,Achalpur,4500,4329.2077989753
2024-04-22,Achalpur,4350,4463.7577365362395
2024-04-29,Achalpur,4275,4319.9717204965145
2024-05-06,Achalpur,4350,4277.091924780652
2024-05-13,Achalpur,4275,4349.526224112822
2024-05-16,Achalpur,4215,4360.778591868235
2024-05-17,Achalpur,4300,4274.843272439659
2024-05-18,Achalpur,4300,4269.760135904182
2024-05-20,Achalpur,4350,4313.360801943465
2024-05-23,Achalpur,4350,4333.927942335567
2024-05-24,Achalpur,4300,4316.246584255114
2024-05-31,Achalpur,4375,4315.118828354793
2024-06-01,Achalpur,4350,4377.937974480328
2024-06-03,Achalpur,4350,4357.151930020187
2024-06-06,Achalpur,4350,4335.59358844252
2024-07-03,Achalpur,4375,4366.821319393539
2024-07-05,Achalpur,4388,4388.775054864251
2024-07-06,Achalpur,4350,4415.1241925775485
2024-07-08,Achalpur,4375,4360.317258666171
2024-07-09,Achalpur,4275,4357.8902093512625
2024-07-13,Achalpur,4275,4333.022877347672
2024-07-24,Achalpur,4250,4298.018711337101
2024-08-01,Achalpur,4175,4261.344410394253
2024-08-02,Achalpur,4225,4211.29506322911
2024-08-06,Achalpur,4125,4206.883913858757
2024-08-07,Achalpur,4150,4151.387949122134
2024-08-12,Achalpur,4125,4138.189680225438
2024-08-16,Achalpur,4125,4143.828407736793
2024-08-23,Achalpur,4050,4107.847339015509
2024-08-27,Achalpur,4050,4075.6833496093495
2024-08-30,Achalpur,4175,4059.655617846489
2024-09-03,Achalpur,4250,4162.086584994167
2024-09-11,Achalpur,4300,4211.448025179388
2024-09-12,Achalpur,4325,4225.7998017497775
2024-09-17,Achalpur,4350,4245.9260240162985
2024-09-19,Achalpur,4425,4319.553539187504
2024-09-24,Achalpur,4450,4410.497897627183
2024-09-27,Achalpur,4425,4430.153709633969
2024-09-30,Achalpur,4400,4393.525795424261
2024-10-03,Achalpur,4375,4403.80369764735
2024-10-04,Achalpur,4193,4379.19715450496
2024-10-11,Achalpur,3856,4210.250788292926
2024-10-14,Achalpur,3920,3969.762325592268
2024-10-17,Achalpur,3902,3963.4197856806677
2024-10-21,Achalpur,4100,4017.7305231251394
2024-10-25,Achalpur,3725,3992.1206547164693
2024-10-28,Achalpur,3520,3691.549043651139
2024-11-05,Achalpur,3875,3540.7383313479277
2024-11-07,Achalpur,3650,3843.9314548165676
2024-11-08,Achalpur,3625,3774.2528266270674
2024-11-09,Achalpur,3625,3604.4451580363457
2024-11-12,Achalpur,3750,3568.2035061392035
2024-11-13,Achalpur,3775,3718.6613487770974
2024-11-18,Achalpur,3800,3813.2870107703257
2024-12-04,Achalpur,4000,3711.028643236903
2024-01-01,Akola,4635,4675.667635243626
2024-01-02,Akola,4600,4687.580841707426
2024-01-03,Akola,4600,4654.324738208637
2024-01-04,Akola,4500,4618.525667751119
2024-01-05,Akola,4600,4573.07760011453
2024-01-06,Akola,4600,4603.950095387778
2024-01-08,Akola,4600,4635.4831427718145
2024-01-09,Akola,4600,4589.6391185544235
2024-01-10,Akola,4600,4592.469756726177
2024-01-11,Akola,4600,4628.878955277067
2024-01-12,Akola,4600,4651.497520715773
2024-01-13,Akola,4600,4620.861428592858
2024-01-15,Akola,4600,4625.801715514723
2024-01-16,Akola,4600,4648.194641265947
2024-01-17,Akola,4600,4615.845837868985
2024-01-18,Akola,4500,4607.903854370792
2024-01-19,Akola,4500,4545.706080906597
2024-01-20,Akola,4500,4537.41250986866
2024-01-23,Akola,4500,4565.300352182725
2024-01-24,Akola,4455,4535.995271499745
2024-01-25,Akola,4490,4486.672246188446
2024-01-27,Akola,4500,4497.197530648209
2024-01-29,Akola,4390,4527.558914580317
2024-01-30,Akola,4280,4426.64411843884
2024-01-31,Akola,4200,4331.431211502786
2024-02-01,Akola,4290,4301.576144817387
2024-02-02,Akola,4300,4366.917033275258
2024-02-05,Akola,4300,4344.440605140353
2024-02-06,Akola,4335,4278.010663979236
2024-02-07,Akola,4400,4322.158101332043
2024-02-08,Akola,4390,4389.452776502883
2024-02-09,Akola,4325,4413.27495996998
2024-02-10,Akola,4400,4361.404988563636
2024-02-12,Akola,4300,4381.469791862824
2024-02-13,Akola,4395,4405.189767468697
2024-02-14,Akola,4375,4388.0384746921045
2024-02-15,Akola,4350,4396.922572652298
2024-02-16,Akola,4300,4342.038578415435
2024-02-17,Akola,4295,4343.612717044445
2024-02-20,Akola,4300,4311.852648256614
2024-02-21,Akola,4290,4339.932049602969
2024-02-22,Akola,4300,4301.506883391645
2024-02-23,Akola,4300,4297.190349421695
2024-02-24,Akola,4280,4308.428810654863
2024-02-26,Akola,4300,4302.408851967928
2024-02-28,Akola,4300,4333.38165619436
2024-02-29,Akola,4300,4332.303432371646
2024-03-01,Akola,4340,4316.406698068957
2024-03-02,Akola,4300,4330.013209589937
2024-03-04,Akola,4250,4315.293235573297
2024-03-05,Akola,4300,4277.435404187723
2024-03-06,Akola,4280,4297.384144350401
2024-03-07,Akola,4270,4286.365380811201
2024-03-09,Akola,4300,4282.4360542746945
2024-03-11,Akola,4300,4288.421545296167
2024-03-12,Akola,4300,4295.094176338571
2024-03-13,Akola,4300,4295.927404183451
2024-03-14,Akola,4300,4291.3945640784295
2024-03-15,Akola,4335,4319.092296193785
2024-03-16,Akola,4300,4338.743458044501
2024-03-18,Akola,4300,4319.086404261208
2024-03-19,Akola,4300,4306.640651945041
2024-03-20,Akola,4300,4318.843648599293
2024-03-21,Akola,4335,4291.866874147956
2024-03-22,Akola,4300,4341.169970771731
2024-03-23,Akola,4350,4326.71387421359
2024-03-27,Akola,4300,4354.485742442703
2024-03-28,Akola,4262,4336.837603925462
2024-04-02,Akola,4360,4333.987903061525
2024-04-03,Akola,4350,4387.271705837156
2024-04-04,Akola,4380,4394.339960171779
2024-04-05,Akola,4380,4386.136744869211
2024-04-06,Akola,4300,4370.832381198599
2024-04-13,Akola,4575,4384.430282971965
2024-04-15,Akola,4485,4534.289328352737
2024-04-19,Akola,4430,4511.082727988827
2024-04-22,Akola,4400,4410.656106576615
2024-04-24,Akola,4390,4439.87763663656
2024-04-27,Akola,4400,4452.243849188411
2024-04-29,Akola,4400,4495.233611263515
2024-04-30,Akola,4400,4385.342681485148
2024-05-02,Akola,4300,4368.483427858184
2024-05-03,Akola,4385,4337.651467255986
2024-05-04,Akola,4300,4367.50546648325
2024-05-06,Akola,4340,4342.142000070664
2024-05-07,Akola,4400,4336.49956103128
2024-05-08,Akola,4435,4394.017109383287
2024-05-09,Akola,4400,4407.509212355977
2024-05-11,Akola,4350,4409.705313097753
2024-05-13,Akola,4395,4292.793657635908
2024-05-14,Akola,4485,4412.118832545235
2024-05-15,Akola,4400,4493.428875575108
2024-05-16,Akola,4385,4421.377291666944
2024-05-17,Akola,4390,4351.177477665999
2024-05-18,Akola,4390,4399.039354488556
2024-05-20,Akola,4385,4459.868509570042
2024-05-21,Akola,4400,4450.408070065536
2024-05-22,Akola,4395,4415.766380622854
2024-05-24,Akola,4300,4407.143580037282
2024-05-25,Akola,4300,4347.738550813874
2024-05-27,Akola,4395,4358.098619579421
2024-05-28,Akola,4300,4402.378285588491
2024-05-29,Akola,4355,4342.516734320243
2024-05-30,Akola,4250,4315.0384766490115
2024-05-31,Akola,4295,4291.18052129084
2024-06-01,Akola,4300,4310.945887793139
2024-06-03,Akola,4300,4345.8242144354845
2024-06-04,Akola,4250,4272.920848928716
2024-06-05,Akola,4300,4293.139873199254
2024-06-06,Akola,4300,4283.513918457276
2024-06-07,Akola,4300,4322.344647020982
2024-06-08,Akola,4300,4296.355381907268
2024-06-10,Akola,4300,4281.9183437548745
2024-06-11,Akola,4295,4273.105844978723
2024-06-12,Akola,4290,4300.157502182701
2024-06-13,Akola,4230,4289.143150479978
2024-06-14,Akola,4300,4272.2971256416
2024-06-15,Akola,4295,4299.815783239073
2024-06-18,Akola,4290,4308.852936896354
2024-06-19,Akola,4270,4274.315163202671
2024-06-20,Akola,4300,4276.177522672604
2024-06-21,Akola,4285,4293.040419975023
2024-06-22,Akola,4275,4312.840559573762
2024-06-24,Akola,4200,4259.058827769095
2024-06-25,Akola,4290,4235.674669198212
2024-06-26,Akola,4300,4278.03011235076
2024-06-27,Akola,4400,4330.792666356992
2024-06-28,Akola,4300,4335.861405790069
2024-06-29,Akola,4300,4296.715435522012
2024-07-01,Akola,4355,4301.1080313801485
2024-07-02,Akola,4395,4403.308304632663
2024-07-03,Akola,4380,4412.481899312517
2024-07-04,Akola,4360,4397.193146365495
2024-07-05,Akola,4250,4327.060577516986
2024-07-06,Akola,4395,4327.803855320939
2024-07-08,Akola,4375,4397.176364658713
2024-07-09,Akola,4300,4419.40708752018
2024-07-10,Akola,4300,4307.682467531542
2024-07-11,Akola,4250,4294.499913888812
2024-07-12,Akola,4100,4263.084254430965
2024-07-13,Akola,4200,4223.271292033845
2024-07-15,Akola,4300,4221.528069889688
2024-07-16,Akola,4355,4317.312995427601
2024-07-18,Akola,4100,4286.4247840844255
2024-07-19,Akola,4340,4149.690271834435
2024-07-20,Akola,4350,4261.04016310776
2024-07-22,Akola,4300,4411.445566101842
2024-07-23,Akola,4290,4305.967434953043
2024-07-24,Akola,4320,4281.190693870083
2024-07-25,Akola,4265,4288.016603530068
2024-07-26,Akola,4290,4367.226008999109
2024-07-27,Akola,4285,4295.622947447115
2024-07-29,Akola,4200,4280.113175782275
2024-07-30,Akola,4200,4236.140615200518
2024-07-31,Akola,4280,4237.721528612681
2024-08-01,Akola,4200,4263.356774808795
2024-08-02,Akola,4100,4208.981557759022
2024-08-03,Akola,4220,4137.737531691213
2024-08-05,Akola,4185,4187.786749670715
2024-08-06,Akola,4200,4228.801760318947
2024-08-07,Akola,4170,4188.929576138822
2024-08-08,Akola,4165,4156.944344010637
2024-08-09,Akola,4170,4159.60310040705
2024-08-10,Akola,4170,4219.330743126613
2024-08-12,Akola,4140,4168.050474485975
2024-08-13,Akola,4150,4148.873744831028
2024-08-14,Akola,4145,4137.511987119044
2024-08-16,Akola,4175,4161.5784521096375
2024-08-17,Akola,4095,4160.307235044229
2024-08-20,Akola,4140,4117.393658426627
2024-08-21,Akola,4100,4115.637114877023
2024-08-22,Akola,4050,4116.95294931657
2024-08-23,Akola,4000,4060.9258911196193
2024-08-24,Akola,4100,4053.4649946862937
2024-08-26,Akola,4170,4096.446604744335
2024-08-27,Akola,4235,4177.8385431442985
2024-08-28,Akola,4175,4162.357198886737
2024-08-29,Akola,4325,4161.30299711816
2024-08-30,Akola,4300,4258.582241235854
2024-08-31,Akola,4345,4337.267187733658
2024-09-03,Akola,4375,4322.722782448522
2024-09-04,Akola,4445,4377.21227039806
2024-09-05,Akola,4440,4401.67301367348
2024-09-06,Akola,4600,4463.346530761788
2024-09-07,Akola,4325,4474.688519824622
2024-09-09,Akola,4395,4390.353025689066
2024-09-10,Akola,4285,4341.112594837859
2024-09-11,Akola,4325,4372.899202661476
2024-09-12,Akola,4355,4343.745683598967
2024-09-13,Akola,4385,4388.503060213121
2024-09-14,Akola,4400,4306.087469573102
2024-09-18,Akola,4600,4397.533253350868
2024-09-20,Akola,4550,4484.841713557846
2024-09-21,Akola,4375,4488.993605212114
2024-09-23,Akola,4500,4363.644627406622
2024-09-24,Akola,4450,4451.471285209951
2024-09-25,Akola,4490,4494.414015673996
2024-09-26,Akola,4475,4489.03759400032
2024-09-27,Akola,4400,4435.1531016183635
2024-09-28,Akola,4595,4412.679730718162
2024-09-30,Akola,4480,4540.269897503607
2024-10-01,Akola,4450,4508.776208675177
2024-10-03,Akola,4395,4427.694204659047
2024-10-04,Akola,4400,4434.341398157028
2024-10-05,Akola,4500,4450.3903697508285
2024-10-09,Akola,4200,4454.372294622393
2024-10-10,Akola,4200,4239.223814231193
2024-10-11,Akola,4270,4217.6502817499695
2024-10-14,Akola,4450,4330.418138246176
2024-10-15,Akola,4300,4398.828921889037
2024-10-16,Akola,4200,4278.844680494916
2024-10-17,Akola,4200,4113.562134963295
2024-10-18,Akola,4300,4240.451177152587
2024-10-19,Akola,4200,4321.008877088145
2024-10-21,Akola,4300,4286.983635646951
2024-10-22,Akola,4150,4201.556014784484
2024-10-23,Akola,4275,4210.54433481842
2024-10-24,Akola,4255,4264.186447652
2024-10-25,Akola,4355,4324.3346721349135
2024-10-26,Akola,4395,4310.7541755026705
2024-10-28,Akola,4400,4380.017291492137
2024-11-04,Akola,4300,4307.2248333788975
2024-11-05,Akola,4295,4340.239145586527
2024-11-06,Akola,4250,4284.886442863046
2024-11-07,Akola,4300,4332.39887838613
2024-11-08,Akola,4200,4307.564181924656
2024-11-09,Akola,4300,4254.665159428558
2024-11-11,Akola,4340,4242.372141107246
2024-11-12,Akola,4255,4317.870998758968
2024-11-13,Akola,4225,4247.610314732521
2024-11-14,Akola,4300,4232.320918589978
2024-11-15,Akola,4170,4256.271186444554
2024-11-16,Akola,4150,4233.826859624702
2024-11-18,Akola,4290,4173.618558760232
2024-11-21,Akola,4300,4270.180191475811
2024-11-22,Akola,4000,4285.927644287147
2024-11-23,Akola,4195,4112.160209384156
2024-11-25,Akola,4005,4133.448254840114
2024-11-26,Akola,4175,4146.769870106491
2024-11-27,Akola,4225,4156.374167038934
2024-11-28,Akola,4125,4183.550496365391
2024-12-02,Akola,4200,4057.4386666598384
2024-01-01,Amarawati,4560,4669.453224074123
2024-01-02,Amarawati,4560,4607.646190786885
2024-01-03,Amarawati,4597,4624.080358735273
2024-01-04,Amarawati,4585,4626.929100592311
2024-01-05,Amarawati,4580,4622.83041251794
2024-01-06,Amarawati,4590,4606.936928814715
2024-01-08,Amarawati,4597,4580.458902725017
2024-01-09,Amarawati,4550,4603.2502345943885
2024-01-10,Amarawati,4556,4622.149961997231
2024-01-11,Amarawati,4587,4602.458768596804
2024-01-12,Amarawati,4600,4619.430939066475
2024-01-13,Amarawati,4600,4630.068304310771
2024-01-15,Amarawati,4556,4590.821337625366
2024-01-16,Amarawati,4537,4560.576636643391
2024-01-18,Amarawati,4450,4553.22592807547
2024-01-19,Amarawati,4485,4523.2668752882255
2024-01-20,Amarawati,4493,4552.114895115816
2024-01-23,Amarawati,4447,4552.458932776217
2024-01-24,Amarawati,4450,4486.338579410647
2024-01-25,Amarawati,4441,4481.149974527467
2024-01-27,Amarawati,4438,4506.201784227296
2024-01-29,Amarawati,4340,4476.005636644886
2024-01-30,Amarawati,4175,4371.178214118847
2024-01-31,Amarawati,4252,4285.34067609233
2024-02-01,Amarawati,4293,4346.897620607122
2024-02-02,Amarawati,4301,4381.298344561697
2024-02-03,Amarawati,4288,4345.265901615945
2024-02-07,Amarawati,4337,4284.42142971616
2024-02-08,Amarawati,4350,4327.54475601897
2024-02-09,Amarawati,4350,4407.688387364637
2024-02-10,Amarawati,4365,4392.311244021552
2024-02-12,Amarawati,4436,4394.027254490144
2024-02-13,Amarawati,4406,4432.195836362984
2024-02-14,Amarawati,4349,4430.448748356859
2024-02-15,Amarawati,4311,4357.657331171664
2024-02-16,Amarawati,4288,4345.2172786913015
2024-02-17,Amarawati,4263,4357.297101685304
2024-02-20,Amarawati,4300,4308.823990435636
2024-02-21,Amarawati,4300,4303.793781721131
2024-02-22,Amarawati,4350,4313.702641308602
2024-02-23,Amarawati,4346,4333.246134304727
2024-02-24,Amarawati,4322,4358.4938092185785
2024-02-27,Amarawati,4220,4336.644921462261
2024-02-28,Amarawati,4270,4289.305064437585
2024-02-29,Amarawati,4353,4311.49456804607
2024-03-01,Amarawati,4325,4382.088706931801
2024-03-02,Amarawati,4287,4334.107115161578
2024-03-04,Amarawati,4305,4262.9116513880745
2024-03-05,Amarawati,4243,4269.028246045964
2024-03-06,Amarawati,4200,4273.663987055665
2024-03-07,Amarawati,4200,4211.013301425088
2024-03-09,Amarawati,4200,4244.463739244051
2024-03-11,Amarawati,4200,4190.895578329337
2024-03-12,Amarawati,4288,4216.210571265206
2024-03-13,Amarawati,4300,4260.325627569966
2024-03-14,Amarawati,4308,4290.89018922104
2024-03-15,Amarawati,4300,4298.909329119679
2024-03-16,Amarawati,4301,4320.935871047528
2024-03-18,Amarawati,4274,4312.687845155106
2024-03-19,Amarawati,4320,4325.342455839791
2024-03-20,Amarawati,4323,4324.170768475804
2024-03-21,Amarawati,4252,4313.402154902014
2024-03-22,Amarawati,4307,4277.4752197201615
2024-03-23,Amarawati,4308,4331.731120204076
2024-03-26,Amarawati,4290,4333.711668431646
2024-03-27,Amarawati,4245,4309.1639356289925
2024-04-02,Amarawati,4450,4317.798783156595
2024-04-03,Amarawati,4359,4404.584306075509
2024-04-04,Amarawati,4500,4422.276998160156
2024-04-05,Amarawati,4451,4438.401097019359
2024-04-06,Amarawati,4492,4488.034579973473
2024-04-08,Amarawati,4555,4494.329988747262
2024-04-13,Amarawati,4607,4643.027141486804
2024-04-15,Amarawati,4620,4566.823723599893
2024-04-19,Amarawati,4437,4592.615401140825
2024-04-22,Amarawati,4425,4495.323916904674
2024-04-24,Amarawati,4500,4494.446050254877
2024-04-27,Amarawati,4444,4595.918543443007
2024-04-30,Amarawati,4417,4541.086876353016
2024-05-02,Amarawati,4400,4408.740509650788
2024-05-03,Amarawati,4350,4359.776665106705
2024-05-04,Amarawati,4395,4400.252696699645
2024-05-06,Amarawati,4406,4380.874281626104
2024-05-07,Amarawati,4511,4420.507125211909
2024-05-08,Amarawati,4410,4459.260639517246
2024-05-11,Amarawati,4407,4429.234108549252
2024-05-13,Amarawati,4451,4424.848433627443
2024-05-14,Amarawati,4414,4446.193217750642
2024-05-15,Amarawati,4363,4439.263549338861
2024-05-16,Amarawati,4388,4411.24578191253
2024-05-17,Amarawati,4387,4373.635940856846
2024-05-18,Amarawati,4368,4430.469528450862
2024-05-20,Amarawati,4405,4373.95892015505
2024-05-21,Amarawati,4442,4388.5051046550725
2024-05-24,Amarawati,4356,4399.651633054444
2024-05-25,Amarawati,4406,4408.241547404516
2024-05-27,Amarawati,4395,4373.254305572169
2024-05-28,Amarawati,4372,4416.287827251659
2024-05-29,Amarawati,4396,4404.993535803404
2024-05-30,Amarawati,4410,4415.814109206325
2024-05-31,Amarawati,4400,4432.188762530419
2024-06-01,Amarawati,4400,4437.419591739543
2024-06-03,Amarawati,4350,4382.224248777849
2024-06-04,Amarawati,4337,4400.93148222819
2024-06-05,Amarawati,4351,4360.866419035356
2024-06-06,Amarawati,4350,4368.999315530302
2024-06-07,Amarawati,4390,4369.387528125044
2024-06-08,Amarawati,4362,4376.96686776613
2024-06-10,Amarawati,4390,4339.17539791741
2024-06-11,Amarawati,4394,4353.253346300802
2024-06-12,Amarawati,4292,4394.898203583347
2024-06-13,Amarawati,4232,4315.982190583767
2024-06-14,Amarawati,4300,4297.196157492355
2024-06-15,Amarawati,4288,4339.860772703147
2024-06-18,Amarawati,4300,4333.4997141515905
2024-06-19,Amarawati,4231,4280.162106282447
2024-06-20,Amarawati,4208,4229.741656193639
2024-06-21,Amarawati,4300,4251.412848565018
2024-06-22,Amarawati,4351,4338.181955009402
2024-06-24,Amarawati,4304,4340.946261360854
2024-06-25,Amarawati,4313,4291.962766822267
2024-06-26,Amarawati,4391,4299.793498285702
2024-06-27,Amarawati,4387,4387.391369861072
2024-06-28,Amarawati,4388,4409.1713760187085
2024-06-29,Amarawati,4386,4384.609002801368
2024-07-01,Amarawati,4387,4379.724032804897
2024-07-02,Amarawati,4355,4391.803348134534
2024-07-03,Amarawati,4349,4395.105724505118
2024-07-04,Amarawati,4367,4368.3076743996135
2024-07-05,Amarawati,4364,4397.872657586766
2024-07-06,Amarawati,4350,4394.764058131177
2024-07-08,Amarawati,4324,4369.4787511753675
2024-07-09,Amarawati,4300,4338.253164817828
2024-07-10,Amarawati,4287,4335.3780052292295
2024-07-11,Amarawati,4250,4321.358313684679
2024-07-12,Amarawati,4215,4283.306970330246
2024-07-13,Amarawati,4237,4255.876000429555
2024-07-15,Amarawati,4239,4254.931660028793
2024-07-16,Amarawati,4287,4263.662066287878
2024-07-18,Amarawati,4259,4275.977659697235
2024-07-19,Amarawati,4282,4262.293213900317
2024-07-20,Amarawati,4308,4296.14195433036
2024-07-22,Amarawati,4300,4322.0555707145395
2024-07-23,Amarawati,4288,4301.954967388259
2024-07-24,Amarawati,4290,4318.084279617902
2024-07-25,Amarawati,4295,4311.3983008215055
2024-07-26,Amarawati,4287,4322.007937920149
2024-07-27,Amarawati,4239,4306.337144625271
2024-07-29,Amarawati,4208,4256.897579070088
2024-07-30,Amarawati,4240,4227.380197569088
2024-07-31,Amarawati,4141,4228.267303215585
2024-08-01,Amarawati,4156,4190.638463746549
2024-08-02,Amarawati,4149,4162.649698457961
2024-08-03,Amarawati,4201,4198.253816953784
2024-08-05,Amarawati,4203,4192.474424757085
2024-08-06,Amarawati,4142,4188.987626809472
2024-08-07,Amarawati,4105,4122.998241954216
2024-08-08,Amarawati,4063,4116.772740669885
2024-08-10,Amarawati,4110,4119.856752976148
2024-08-12,Amarawati,4138,4124.421956238271
2024-08-13,Amarawati,4145,4139.468691596674
2024-08-14,Amarawati,4103,4108.729344230596
2024-08-16,Amarawati,4145,4104.361924219062
2024-08-17,Amarawati,4101,4133.952120890081
2024-08-20,Amarawati,4087,4130.551505642106
2024-08-21,Amarawati,4134,4102.598603611243
2024-08-22,Amarawati,4100,4123.334583142825
2024-08-23,Amarawati,4100,4135.2686115587585
2024-08-24,Amarawati,4190,4140.791590581686
2024-08-26,Amarawati,4203,4161.617654193238
2024-08-27,Amarawati,4281,4214.572715964616
2024-08-28,Amarawati,4301,4241.638943471595
2024-08-29,Amarawati,4225,4255.068229579732
2024-08-30,Amarawati,4323,4248.275706494718
2024-08-31,Amarawati,4524,4358.620299748834
2024-09-04,Amarawati,4550,4486.99856861658
2024-09-05,Amarawati,4535,4504.727922062897
2024-09-06,Amarawati,4445,4434.344182208108
2024-09-09,Amarawati,4350,4388.30250721292
2024-09-10,Amarawati,4350,4408.919396371404
2024-09-12,Amarawati,4449,4448.914039283376
2024-09-13,Amarawati,4500,4459.467709153298
2024-09-14,Amarawati,4705,4504.9766692468675
2024-09-17,Amarawati,4550,4551.724239303119
2024-09-18,Amarawati,4500,4501.584305133765
2024-09-19,Amarawati,4600,4472.6509334702405
2024-09-20,Amarawati,4603,4604.78546455465
2024-09-21,Amarawati,4580,4618.698355396269
2024-09-23,Amarawati,4460,4552.720125481232
2024-09-24,Amarawati,4495,4425.5823395847365
2024-09-25,Amarawati,4475,4479.934735163044
2024-09-26,Amarawati,4536,4536.365298854469
2024-09-27,Amarawati,4496,4510.62766757268
2024-09-28,Amarawati,4537,4492.792302788137
2024-09-30,Amarawati,4500,4459.70742339147
2024-10-01,Amarawati,4400,4493.147071617557
2024-10-03,Amarawati,4486,4432.749420219801
2024-10-04,Amarawati,4455,4484.93607740669
2024-10-05,Amarawati,4413,4477.361611485132
2024-10-09,Amarawati,4335,4380.461877748054
2024-10-10,Amarawati,4280,4330.612375060371
2024-10-11,Amarawati,4312,4306.864418442781
2024-11-28,Amarawati,4150,4080.3019819330184
2024-12-02,Amarawati,4052,4081.7627735123915
2024-12-03,Amarawati,4080,4020.5234231998966
2024-12-04,Amarawati,4018,4061.2842034173373
2024-01-05,Anajngaon,4400,4535.15723810813
2024-01-06,Anajngaon,4400,4457.7897893169975
2024-01-09,Anajngaon,4400,4379.849778590658
2024-01-27,Anajngaon,4350,4381.5093501980045
2024-02-02,Anajngaon,4200,4381.25761614254
2024-02-16,Anajngaon,4200,4273.4211049991045
2024-02-23,Anajngaon,4200,4216.607774707607
2024-03-01,Anajngaon,4200,4247.123530568186
2024-03-15,Anajngaon,4150,4203.13766907697
2024-03-22,Anajngaon,4100,4131.593594724243
2024-03-24,Anajngaon,4100,4088.340764859973
2024-05-03,Anajngaon,4100,4131.731516053544
2024-05-12,Anajngaon,4300,4167.035446177744
2024-05-24,Anajngaon,4200,4239.225285931261
2024-06-07,Anajngaon,4300,4204.888360103792
2024-06-12,Anajngaon,4150,4182.44808425765
2024-06-26,Anajngaon,4150,4174.873753414626
2024-08-02,Anajngaon,4000,4138.635242341908
2024-08-23,Anajngaon,3800,4074.0741298418143
2024-08-25,Anajngaon,3700,3848.3164259606165
2024-08-30,Anajngaon,4100,3861.4186006940763
2024-09-13,Anajngaon,4250,4046.7724586944278
2024-09-15,Anajngaon,4300,4205.924718505519
2024-09-27,Anajngaon,4200,4089.8846374673667
2024-10-11,Anajngaon,4200,4084.7052917946003
2024-10-18,Anajngaon,3900,4133.260852684696
2024-10-25,Anajngaon,4000,4123.459990296897
2024-11-08,Anajngaon,3800,4003.5519946593013
2024-11-17,Anajngaon,3900,3940.6558161115354
2024-11-22,Anajngaon,3700,3831.096841550381
2024-01-01,Arvi,4350,4338.204005624806
2024-01-02,Arvi,4350,4418.687610863173
2024-01-03,Arvi,4300,4329.9946858021285
2024-01-05,Arvi,4300,4267.61007789547
2024-01-06,Arvi,4250,4310.29554643152
2024-01-08,Arvi,4350,4343.11504366565
2024-01-09,Arvi,4250,4353.003283315116
2024-01-10,Arvi,4350,4321.93711244177
2024-01-12,Arvi,4056,4280.95340162375
2024-01-13,Arvi,4450,4235.615191360963
2024-01-16,Arvi,4350,4356.624351043851
2024-01-17,Arvi,4350,4448.066101651304
2024-01-19,Arvi,4350,4295.620006267738
2024-01-20,Arvi,4350,4371.825248480374
2024-01-23,Arvi,4150,4303.754425485831
2024-01-24,Arvi,4150,4311.640011694639
2024-01-27,Arvi,4150,4177.394550010087
2024-01-29,Arvi,4000,4194.894043469349
2024-01-30,Arvi,4000,4080.3026041911653
2024-01-31,Arvi,4000,4024.28458785373
2024-02-02,Arvi,4000,4015.155705519195
2024-02-03,Arvi,4000,4040.2005993069506
2024-02-05,Arvi,4050,4014.004570923911
2024-02-06,Arvi,4050,4016.707498537835
2024-02-07,Arvi,4050,4064.0943917520217
2024-02-09,Arvi,4050,4057.027345501172
2024-02-10,Arvi,4050,4070.9437355481805
2024-02-12,Arvi,4000,4059.735400857031
2024-02-13,Arvi,4000,4041.898526065468
2024-02-14,Arvi,4100,4040.6142997119987
2024-02-16,Arvi,4100,4108.225449533851
2024-02-20,Arvi,4050,4104.45748744189
2024-02-21,Arvi,4100,4060.961091936624
2024-02-23,Arvi,4100,4092.2156256467715
2024-02-24,Arvi,4100,4139.604023655787
2024-02-29,Arvi,4150,4145.607872184402
2024-03-01,Arvi,4000,4114.047585016151
2024-03-02,Arvi,4000,4040.4232362622624
2024-03-04,Arvi,4000,4013.6409807887194
2024-03-05,Arvi,4000,4039.249881943262
2024-03-06,Arvi,4000,4023.815070821256
2024-03-11,Arvi,4000,4003.34377056644
2024-03-12,Arvi,4000,3969.587177171956
2024-03-13,Arvi,4000,4008.552730873831
2024-03-15,Arvi,4000,4011.286204222435
2024-03-16,Arvi,4000,4015.217040518659
2024-03-18,Arvi,4000,4002.0490095801906
2024-03-19,Arvi,4100,4018.375818785489
2024-03-20,Arvi,4100,4077.4014453259097
2024-03-22,Arvi,4100,4095.8965785611235
2024-03-23,Arvi,4100,4083.728886641393
2024-03-26,Arvi,4000,4074.765694799182
2024-03-27,Arvi,4000,4035.8298312219504
2024-04-02,Arvi,4200,4091.8052266636714
2024-04-03,Arvi,4350,4222.501457332093
2024-04-05,Arvi,4250,4308.491458886909
2024-04-06,Arvi,4250,4230.281488386241
2024-04-08,Arvi,4250,4193.952117540586
2024-04-13,Arvi,4270,4309.787503349033
2024-04-15,Arvi,4250,4347.015345746782
2024-04-19,Arvi,4350,4327.3472694967695
2024-04-24,Arvi,4100,4273.896282557309
2024-04-27,Arvi,4100,4188.191340774532
2024-04-29,Arvi,4100,4112.614470089784
2024-04-30,Arvi,4075,4168.734156699791
2024-05-03,Arvi,4150,4132.954857566507
2024-05-04,Arvi,4170,4160.626905413423
2024-05-06,Arvi,4150,4106.751874330823
2024-05-07,Arvi,4150,4144.681322983262
2024-05-08,Arvi,4150,4148.147091455228
2024-05-11,Arvi,4200,4179.730493833538
2024-05-13,Arvi,4300,4228.138334923311
2024-05-14,Arvi,4300,4275.324084753693
2024-05-15,Arvi,4300,4278.3223962977845
2024-05-17,Arvi,4300,4277.1331028809145
2024-05-18,Arvi,4250,4299.3933796830115
2024-05-20,Arvi,4250,4283.004804470767
2024-05-21,Arvi,4250,4282.441832868677
2024-05-22,Arvi,4250,4273.068635034362
2024-05-24,Arvi,4250,4267.357555723589
2024-05-25,Arvi,4250,4263.4559210670795
2024-05-27,Arvi,4250,4241.893612603759
2024-05-28,Arvi,4200,4248.738058487594
2024-05-29,Arvi,4200,4221.559429581372
2024-05-31,Arvi,4200,4214.535998924681
2024-06-01,Arvi,4150,4209.885788865962
2024-06-03,Arvi,4150,4159.425707347698
2024-06-04,Arvi,4100,4136.864039073213
2024-06-05,Arvi,4100,4110.144369142048
2024-06-07,Arvi,4200,4125.534792362707
2024-06-08,Arvi,4300,4202.52864214124
2024-06-10,Arvi,4230,4231.152171407808
2024-06-11,Arvi,4200,4191.94286278087
2024-06-12,Arvi,4200,4158.289240678896
2024-06-14,Arvi,4200,4216.475237399347
2024-06-19,Arvi,4250,4248.770799217298
2024-06-22,Arvi,4250,4261.2374343553765
2024-06-25,Arvi,4300,4226.666871270116
2024-06-26,Arvi,4300,4260.086877644177
2024-06-28,Arvi,4300,4288.3499000811025
2024-06-29,Arvi,4300,4290.756877714995
2024-07-01,Arvi,4300,4321.227443046113
2024-07-02,Arvi,4300,4317.612859215276
2024-07-03,Arvi,4300,4329.984181441412
2024-07-05,Arvi,4256,4311.969759622043
2024-07-06,Arvi,4300,4298.129679543994
2024-07-08,Arvi,4300,4302.962899007267
2024-07-09,Arvi,4300,4321.222831595182
2024-07-10,Arvi,4270,4302.912355078088
2024-07-12,Arvi,4200,4278.366087518369
2024-07-13,Arvi,4200,4235.003479729265
2024-07-16,Arvi,4200,4235.053910514678
2024-07-19,Arvi,4200,4238.497052542267
2024-07-22,Arvi,4250,4218.033989268621
2024-07-23,Arvi,4250,4232.205177336327
2024-07-24,Arvi,4200,4232.157019442127
2024-07-26,Arvi,4200,4216.079273949281
2024-07-27,Arvi,4100,4201.765845932878
2024-07-29,Arvi,4200,4168.092950004635
2024-07-30,Arvi,4150,4200.067423517106
2024-07-31,Arvi,4100,4179.016861326421
2024-08-02,Arvi,4050,4086.565384759222
2024-08-03,Arvi,4090,4080.999346423823
2024-08-06,Arvi,4150,4093.3249674740528
2024-08-07,Arvi,4150,4169.699389076115
2024-08-10,Arvi,4000,4106.976015039654
2024-08-13,Arvi,4000,4001.8677845955954
2024-08-14,Arvi,3900,3979.266721215974
2024-08-17,Arvi,3900,3985.3175390251326
2024-08-20,Arvi,3900,3934.25221670027
2024-08-23,Arvi,4050,3945.2538732390167
2024-08-24,Arvi,4100,3999.3519243059
2024-08-26,Arvi,4200,4074.524648155151
2024-08-27,Arvi,4200,4098.402087928698
2024-08-28,Arvi,4200,4156.9778808312185
2024-08-30,Arvi,4210,4180.982912456388
2024-09-06,Arvi,4200,4228.462370783316
2024-09-10,Arvi,4200,4206.105851191556
2024-09-17,Arvi,4350,4229.967236385688
2024-09-18,Arvi,4300,4289.972134095864
2024-09-21,Arvi,4400,4308.671315439338
2024-09-23,Arvi,4300,4302.371726693873
2024-09-30,Arvi,4250,4282.023899338654
2024-10-09,Arvi,3900,4197.006557584646
2024-10-11,Arvi,4000,4059.8074864193313
2024-10-14,Arvi,4000,4010.1625884598798
2024-10-15,Arvi,4000,4093.768675011488
2024-10-16,Arvi,4000,3979.5828163714523
2024-10-18,Arvi,3900,3945.1511805702485
2024-10-19,Arvi,3800,3844.9620954813745
2024-10-21,Arvi,3800,3863.0937564065225
2024-10-22,Arvi,3900,3851.5629725463878
2024-10-23,Arvi,3900,3917.3053480086564
2024-10-25,Arvi,3700,3863.3069230225974
2024-10-26,Arvi,3900,3738.3973511782187
2024-11-04,Arvi,3900,3823.1194340578713
2024-11-06,Arvi,3900,3939.275601695914
2024-11-08,Arvi,3900,3882.7509147656474
2024-11-09,Arvi,3100,3735.513682817722
2024-11-11,Arvi,3900,3394.304088858664
2024-11-12,Arvi,7150,4307.300220961255
2024-11-13,Arvi,3850,5823.34647992487
2024-11-18,Arvi,3750,4199.155280101337
2024-11-19,Arvi,4000,3069.514517626534
2024-11-22,Arvi,4000,4325.343647043779
2024-11-25,Arvi,4000,4688.427633228061
2024-11-26,Arvi,4000,4428.192166397688
2024-11-27,Arvi,4000,3172.922326468022
2024-12-02,Arvi,4000,3969.3896534302166
2024-12-03,Arvi,3900,4026.9575775191424
2024-12-04,Arvi,4000,3930.489481908502
2024-01-09,Ashti(Karanja),4465,4536.707522183642
2024-01-14,Ashti(Karanja),4450,4477.182773711753
2024-01-17,Ashti(Karanja),4375,4462.8087101204
2024-01-18,Ashti(Karanja),4375,4438.792987849198
2024-01-19,Ashti(Karanja),4400,4435.426714904805
2024-01-28,Ashti(Karanja),4125,4397.228669512722
2024-02-05,Ashti(Karanja),4250,4201.496987487213
2024-02-06,Ashti(Karanja),4250,4233.832617523736
2024-02-20,Ashti(Karanja),4250,4296.413083193131
2024-02-22,Ashti(Karanja),4275,4260.718988658267
2024-03-11,Ashti(Karanja),4275,4236.0323374339405
2024-04-01,Ashti(Karanja),4250,4227.522337391347
2024-04-30,Ashti(Karanja),4250,4294.8507747942695
2024-05-12,Ashti(Karanja),4400,4289.739680369568
2024-05-14,Ashti(Karanja),4375,4366.828368117644
2024-05-16,Ashti(Karanja),4300,4369.981375096917
2024-05-17,Ashti(Karanja),4350,4297.5903269094015
2024-05-19,Ashti(Karanja),4365,4346.347452615482
2024-05-20,Ashti(Karanja),4300,4377.984690185493
2024-05-21,Ashti(Karanja),4375,4359.170131732895
2024-05-24,Ashti(Karanja),4250,4326.814478915167
2024-05-26,Ashti(Karanja),4325,4302.132323686348
2024-05-30,Ashti(Karanja),4225,4304.954232325525
2024-05-31,Ashti(Karanja),4200,4271.792887580083
2024-06-02,Ashti(Karanja),4300,4217.998453248172
2024-06-03,Ashti(Karanja),4350,4302.153305758187
2024-06-05,Ashti(Karanja),4275,4301.160424513679
2024-06-07,Ashti(Karanja),4350,4284.831163176634
2024-06-10,Ashti(Karanja),4200,4248.37586735056
2024-06-11,Ashti(Karanja),4250,4244.3950643618045
2024-06-12,Ashti(Karanja),4275,4262.104934059325
2024-06-18,Ashti(Karanja),4350,4303.402921116693
2024-06-26,Ashti(Karanja),4290,4298.705987592177
2024-07-05,Ashti(Karanja),4205,4299.090532634333
2024-07-08,Ashti(Karanja),4230,4193.336887260344
2024-07-16,Ashti(Karanja),4225,4265.140225175121
2024-07-26,Ashti(Karanja),4140,4266.952410801463
2024-07-30,Ashti(Karanja),4000,4162.230353533523
2024-07-31,Ashti(Karanja),4120,4053.6084127520426
2024-08-05,Ashti(Karanja),4050,4089.3044778779604
2024-08-06,Ashti(Karanja),4050,4106.144974864546
2024-08-07,Ashti(Karanja),4040,4029.5633628247033
2024-09-13,Ashti(Karanja),4450,4075.858079495196
2024-10-04,Ashti(Karanja),4250,4297.330506634653
2024-10-13,Ashti(Karanja),4240,4298.221755538092
2024-10-14,Ashti(Karanja),4250,4132.356447684968
2024-10-15,Ashti(Karanja),4300,4264.178325530147
2024-10-17,Ashti(Karanja),4050,4291.380995454772
2024-10-18,Ashti(Karanja),4120,4209.742556184294
2024-10-21,Ashti(Karanja),4025,4041.830818586077
2024-10-22,Ashti(Karanja),4100,4115.548091723669
2024-10-23,Ashti(Karanja),4020,4089.7565028531517
2024-10-25,Ashti(Karanja),4000,4050.573643961432
2024-10-27,Ashti(Karanja),4200,3990.612647881104
2024-10-28,Ashti(Karanja),4020,4142.219857338117
2024-11-04,Ashti(Karanja),4160,4057.0013413268625
2024-11-06,Ashti(Karanja),4150,4088.4732397110674
2024-11-11,Ashti(Karanja),4080,4122.995035242553
2024-11-12,Ashti(Karanja),4030,4068.825881862982
2024-11-18,Ashti(Karanja),4050,4062.8088007920414
2024-11-21,Ashti(Karanja),4050,4035.6575107536373
2024-11-26,Ashti(Karanja),4100,4101.79782167677
2024-11-27,Ashti(Karanja),4020,4060.500062470983
2024-11-28,Ashti(Karanja),4080,4020.7224944301524
2024-12-02,Ashti(Karanja),4060,4023.5196248064112
2024-12-04,Ashti(Karanja),4100,4072.852548913921
2024-01-01,Babhulgaon,4530,4450.863084908706
2024-01-02,Babhulgaon,4550,4546.346795757427
2024-01-05,Babhulgaon,4460,4585.055228474952
2024-01-06,Babhulgaon,4400,4495.3296058121305
2024-01-08,Babhulgaon,4450,4413.531610386368
2024-01-10,Babhulgaon,4500,4492.088613242187
2024-01-12,Babhulgaon,4525,4554.166958779899
2024-01-13,Babhulgaon,4520,4534.583577313308
2024-01-19,Babhulgaon,4475,4493.861853885837
2024-01-20,Babhulgaon,4450,4493.579490138078
2024-01-23,Babhulgaon,4450,4494.0648367545145
2024-01-24,Babhulgaon,4350,4481.84254556481
2024-01-27,Babhulgaon,4250,4403.666029087655
2024-01-29,Babhulgaon,4150,4281.40924660752
2024-01-30,Babhulgaon,4125,4215.313214941178
2024-01-31,Babhulgaon,4150,4199.617588735073
2024-02-02,Babhulgaon,4200,4204.445469520369
2024-02-03,Babhulgaon,4150,4189.247975216931
2024-02-05,Babhulgaon,4130,4134.917807542444
2024-02-06,Babhulgaon,4200,4127.493578992211
2024-02-07,Babhulgaon,4200,4203.480742529389
2024-02-09,Babhulgaon,4300,4249.6870101526765
2024-02-12,Babhulgaon,4250,4266.913828103543
2024-02-13,Babhulgaon,4250,4245.511919353112
2024-02-16,Babhulgaon,4230,4243.100841528447
2024-02-17,Babhulgaon,4220,4275.673142923741
2024-02-20,Babhulgaon,4250,4252.462263276186
2024-02-21,Babhulgaon,4300,4293.116019451871
2024-02-23,Babhulgaon,4250,4287.630622037466
2024-02-24,Babhulgaon,4250,4272.209973601744
2024-02-27,Babhulgaon,4250,4245.701863175806
2024-03-01,Babhulgaon,4250,4266.077171390571
2024-03-02,Babhulgaon,4250,4279.761631023173
2024-03-05,Babhulgaon,4200,4249.857407873533
2024-03-15,Babhulgaon,4225,4205.355268641331
2024-03-19,Babhulgaon,4220,4212.88878808425
2024-04-05,Babhulgaon,4320,4283.076590628974
2024-04-08,Babhulgaon,4350,4315.4370587393205
2024-04-22,Babhulgaon,4340,4346.319843750778
2024-04-27,Babhulgaon,4310,4330.849581390514
2024-04-29,Babhulgaon,4300,4320.040416533166
2024-04-30,Babhulgaon,4300,4331.211452726036
2024-05-03,Babhulgaon,4300,4349.6727976704005
2024-05-08,Babhulgaon,4330,4326.75168370645
2024-05-13,Babhulgaon,4475,4341.57796012912
2024-05-14,Babhulgaon,4450,4424.150413651703
2024-05-15,Babhulgaon,4320,4415.611950858069
2024-05-20,Babhulgaon,4350,4318.935336039329
2024-05-21,Babhulgaon,4380,4353.855888142583
2024-05-22,Babhulgaon,4375,4423.870760275828
2024-05-27,Babhulgaon,4400,4414.996499389272
2024-05-28,Babhulgaon,4380,4369.022497306836
2024-06-03,Babhulgaon,4320,4332.482724238183
2024-06-04,Babhulgaon,4340,4341.339633714748
2024-06-05,Babhulgaon,4300,4340.370396390634
2024-06-07,Babhulgaon,4340,4328.758056158202
2024-06-08,Babhulgaon,4340,4341.4711445920675
2024-06-11,Babhulgaon,4340,4326.904689581786
2024-06-12,Babhulgaon,4350,4316.7785271483535
2024-06-14,Babhulgaon,4340,4342.969874225764
2024-06-22,Babhulgaon,4425,4352.872035691469
2024-06-25,Babhulgaon,4450,4407.0042908807245
2024-06-29,Babhulgaon,4420,4431.753808902617
2024-07-02,Babhulgaon,4380,4409.242384644616
2024-07-03,Babhulgaon,4400,4397.353176072806
2024-07-05,Babhulgaon,4400,4421.912926292702
2024-07-06,Babhulgaon,4425,4462.73416802244
2024-07-09,Babhulgaon,4325,4414.328170302768
2024-07-10,Babhulgaon,4300,4346.74787193589
2024-07-13,Babhulgaon,4300,4321.55468896097
2024-07-22,Babhulgaon,4340,4340.343652668476
2024-07-23,Babhulgaon,4325,4353.241135038466
2024-07-27,Babhulgaon,4330,4343.959708291695
2024-07-29,Babhulgaon,4320,4294.690953176405
2024-07-31,Babhulgaon,4250,4316.408440870971
2024-08-02,Babhulgaon,4300,4287.835406300495
2024-08-03,Babhulgaon,4250,4306.535449735542
2024-08-06,Babhulgaon,4225,4272.588112324458
2024-08-07,Babhulgaon,4240,4235.6598779978285
2024-08-12,Babhulgaon,4200,4227.6791766243405
2024-08-20,Babhulgaon,4150,4193.922702268108
2024-08-23,Babhulgaon,4200,4182.424193316314
2024-08-24,Babhulgaon,4250,4201.220327161165
2024-08-30,Babhulgaon,4400,4267.833550111349
2024-08-31,Babhulgaon,4400,4348.207039390134
2024-09-06,Babhulgaon,4480,4351.55042537838
2024-09-09,Babhulgaon,4350,4361.556094198277
2024-09-13,Babhulgaon,4600,4405.940380849548
2024-09-17,Babhulgaon,4600,4524.986258887067
2024-09-18,Babhulgaon,4580,4612.540802040237
2024-09-20,Babhulgaon,4600,4519.94619034752
2024-09-21,Babhulgaon,4500,4548.602415178488
2024-09-23,Babhulgaon,4500,4490.615293301755
2024-09-24,Babhulgaon,4520,4545.70013753933
2024-09-25,Babhulgaon,4520,4521.025766761204
2024-09-27,Babhulgaon,4560,4513.686965709967
2024-09-28,Babhulgaon,4450,4516.57333655215
2024-09-30,Babhulgaon,4550,4441.797666010842
2024-10-01,Babhulgaon,4480,4515.184403877545
2024-10-04,Babhulgaon,4350,4502.757251990655
2024-10-05,Babhulgaon,4300,4378.158952295733
2024-10-09,Babhulgaon,4100,4296.11572895035
2024-10-11,Babhulgaon,4255,4207.613494663741
2024-10-14,Babhulgaon,4050,4230.623250637573
2024-10-16,Babhulgaon,4100,4134.4794700485745
2024-10-18,Babhulgaon,4050,4031.118117161999
2024-10-19,Babhulgaon,4040,4078.027083500934
2024-10-21,Babhulgaon,3900,3983.774220224548
2024-10-22,Babhulgaon,4000,3985.4244970637064
2024-10-23,Babhulgaon,4000,3948.2684296296047
2024-10-25,Babhulgaon,4050,4054.41913392511
2024-10-26,Babhulgaon,4125,4034.009758816779
2024-10-28,Babhulgaon,4100,4087.9239517246533
2024-11-06,Babhulgaon,4100,4065.2516420053435
2024-11-08,Babhulgaon,4000,4077.7234337169666
2024-11-09,Babhulgaon,4020,4024.528442797393
2024-11-11,Babhulgaon,4100,4040.2686555949203
2024-11-12,Babhulgaon,4000,4089.3439567031346
2024-11-13,Babhulgaon,3900,3991.6297590844515
2024-11-18,Babhulgaon,3900,3885.728625485326
2024-11-26,Babhulgaon,4025,3918.3297790266606
2024-11-27,Babhulgaon,4040,4039.7896821653194
2024-12-02,Babhulgaon,4100,4036.9590357013512
2024-12-03,Babhulgaon,4050,3992.4377695780368
2024-01-02,Chandur Bazar,4400,4550.39895927456
2024-01-03,Chandur Bazar,4412,4442.991754241166
2024-01-04,Chandur Bazar,4450,4469.395537855262
2024-01-05,Chandur Bazar,4400,4550.424681768562
2024-01-08,Chandur Bazar,4460,4446.451577933398
2024-01-09,Chandur Bazar,4540,4459.43903983943
2024-01-10,Chandur Bazar,4460,4487.778943544683
2024-01-11,Chandur Bazar,4460,4495.783289320387
2024-01-12,Chandur Bazar,4450,4472.926255068456
2024-01-15,Chandur Bazar,4470,4481.218279733572
2024-01-16,Chandur Bazar,4325,4491.5267173216835
2024-01-17,Chandur Bazar,4400,4412.285452449485
2024-01-18,Chandur Bazar,4440,4401.364066993883
2024-01-19,Chandur Bazar,4390,4477.616494936932
2024-01-23,Chandur Bazar,4400,4417.91220108673
2024-01-24,Chandur Bazar,4375,4398.180357299756
2024-01-29,Chandur Bazar,4275,4364.17112340092
2024-02-06,Chandur Bazar,4200,4327.029947932961
2024-02-07,Chandur Bazar,4200,4257.448971795155
2024-02-08,Chandur Bazar,4230,4248.329532943537
2024-02-12,Chandur Bazar,4250,4266.772409236024
2024-02-13,Chandur Bazar,4200,4241.1920474567
2024-02-14,Chandur Bazar,4210,4192.479681938887
2024-02-15,Chandur Bazar,4210,4203.875008246139
2024-02-16,Chandur Bazar,4000,4205.043954597104
2024-02-20,Chandur Bazar,4200,4108.625727387511
2024-02-21,Chandur Bazar,4250,4184.30574158518
2024-02-22,Chandur Bazar,4200,4268.833691538304
2024-02-23,Chandur Bazar,4150,4184.3723800507
2024-02-28,Chandur Bazar,4120,4125.920339222674
2024-02-29,Chandur Bazar,4200,4133.704510892705
2024-03-01,Chandur Bazar,4250,4270.517216452967
2024-03-04,Chandur Bazar,4150,4234.17201297586
2024-03-05,Chandur Bazar,4200,4148.43356222635
2024-03-06,Chandur Bazar,4300,4180.402939305703
2024-03-11,Chandur Bazar,4200,4270.374437448865
2024-03-12,Chandur Bazar,4200,4236.260737376495
2024-03-13,Chandur Bazar,4140,4174.522904639338
2024-03-14,Chandur Bazar,4220,4172.180130204735
2024-03-15,Chandur Bazar,4250,4244.850538481671
2024-03-19,Chandur Bazar,4210,4259.237157784448
2024-03-21,Chandur Bazar,4200,4180.460944579994
2024-03-22,Chandur Bazar,4180,4189.801743899421
2024-03-26,Chandur Bazar,4150,4179.0397277098855
2024-03-27,Chandur Bazar,4190,4196.363514240653
2024-03-28,Chandur Bazar,4200,4197.297940945329
2024-04-02,Chandur Bazar,4150,4209.807029795886
2024-04-03,Chandur Bazar,4350,4207.499750347317
2024-04-04,Chandur Bazar,4210,4289.077754558086
2024-04-05,Chandur Bazar,4200,4262.1375479035105
2024-04-08,Chandur Bazar,4400,4225.356070159545
2024-04-15,Chandur Bazar,4460,4388.9458004580265
2024-04-19,Chandur Bazar,4320,4442.849411363128
2024-04-22,Chandur Bazar,4250,4338.498232253871
2024-04-25,Chandur Bazar,4250,4231.158869002569
2024-04-29,Chandur Bazar,4300,4320.8204573557905
2024-05-02,Chandur Bazar,4190,4363.574632650139
2024-05-03,Chandur Bazar,4200,4240.761656224815
2024-05-06,Chandur Bazar,4240,4167.26869033794
2024-05-07,Chandur Bazar,4300,4253.416422727429
2024-05-08,Chandur Bazar,4350,4308.887216233912
2024-05-09,Chandur Bazar,4260,4317.605631740658
2024-05-13,Chandur Bazar,4300,4242.318221094072
2024-05-14,Chandur Bazar,4340,4293.861387794501
2024-05-15,Chandur Bazar,4270,4351.955580186253
2024-05-16,Chandur Bazar,4300,4312.551858461382
2024-05-17,Chandur Bazar,4270,4293.887903270574
2024-05-20,Chandur Bazar,4340,4285.28397172533
2024-05-21,Chandur Bazar,4210,4317.273482872715
2024-05-22,Chandur Bazar,4350,4275.496007002632
2024-05-24,Chandur Bazar,4290,4294.06542296489
2024-05-27,Chandur Bazar,4350,4333.126892201739
2024-05-28,Chandur Bazar,4250,4297.058757738341
2024-05-29,Chandur Bazar,4200,4274.451873653537
2024-05-31,Chandur Bazar,4210,4199.532232479718
2024-06-03,Chandur Bazar,4250,4258.518063030682
2024-06-04,Chandur Bazar,4230,4241.374401344816
2024-06-05,Chandur Bazar,4250,4240.033347591225
2024-06-06,Chandur Bazar,4260,4207.1959770101475
2024-06-07,Chandur Bazar,4220,4239.543140523248
2024-06-10,Chandur Bazar,4250,4227.809760205015
2024-06-11,Chandur Bazar,4200,4232.579991238112
2024-06-12,Chandur Bazar,4250,4219.990702665817
2024-06-14,Chandur Bazar,4250,4239.538271619398
2024-06-20,Chandur Bazar,4150,4233.906497704913
2024-06-24,Chandur Bazar,4280,4167.854320955674
2024-06-25,Chandur Bazar,4210,4232.627797850237
2024-06-26,Chandur Bazar,4240,4231.436494265892
2024-06-27,Chandur Bazar,4310,4232.0498269170785
2024-06-28,Chandur Bazar,4300,4281.353951910241
2024-07-02,Chandur Bazar,4260,4286.711180514603
2024-07-03,Chandur Bazar,4200,4280.558711330237
2024-07-04,Chandur Bazar,4190,4216.093052463846
2024-07-05,Chandur Bazar,4240,4250.37272694465
2024-07-08,Chandur Bazar,4220,4269.998580149262
2024-07-09,Chandur Bazar,4240,4239.876971757385
2024-07-10,Chandur Bazar,4260,4229.16526028063
2024-07-11,Chandur Bazar,4220,4250.326997005319
2024-07-12,Chandur Bazar,4250,4252.047271678768
2024-07-16,Chandur Bazar,4250,4261.161261998335
2024-07-22,Chandur Bazar,4200,4251.7474878838
2024-07-23,Chandur Bazar,4150,4217.323095859923
2024-07-24,Chandur Bazar,4200,4185.970515032086
2024-07-25,Chandur Bazar,4200,4211.627920435458
2024-07-29,Chandur Bazar,4150,4218.585996144922
2024-07-30,Chandur Bazar,4120,4155.24251121333
2024-07-31,Chandur Bazar,4200,4137.405841177288
2024-08-01,Chandur Bazar,4200,4192.100349136621
2024-08-02,Chandur Bazar,4220,4228.2199763070275
2024-08-05,Chandur Bazar,4110,4170.953802864982
2024-08-06,Chandur Bazar,4150,4120.653758631386
2024-08-07,Chandur Bazar,4150,4144.2232697513555
2024-08-08,Chandur Bazar,4050,4178.843407090413
2024-08-09,Chandur Bazar,4050,4082.6308437367297
2024-08-12,Chandur Bazar,3800,4003.0141824393577
2024-08-13,Chandur Bazar,4050,3907.0780732289186
2024-08-14,Chandur Bazar,4050,4025.222756022489
2024-08-16,Chandur Bazar,4050,4089.3472996978508
2024-08-21,Chandur Bazar,4000,3974.569335764143
2024-08-22,Chandur Bazar,4080,3984.8828618123352
2024-08-23,Chandur Bazar,4010,4011.5834488778382
2024-08-26,Chandur Bazar,4050,4095.8979237283456
2024-08-27,Chandur Bazar,4060,4028.2792404503853
2024-08-28,Chandur Bazar,4240,4088.7590361581297
2024-08-29,Chandur Bazar,4150,4165.187848061834
2024-08-30,Chandur Bazar,4250,4181.874301920863
2024-09-04,Chandur Bazar,4250,4156.037250504498
2024-09-05,Chandur Bazar,4200,4238.401594716586
2024-09-09,Chandur Bazar,4250,4202.868189833724
2024-09-10,Chandur Bazar,4150,4236.961829724725
2024-09-11,Chandur Bazar,4400,4198.681110135001
2024-09-12,Chandur Bazar,4160,4305.939082948127
2024-09-13,Chandur Bazar,4250,4223.093447888048
2024-09-17,Chandur Bazar,4160,4148.4933407184835
2024-09-17,Chandur Bazar,5311,4379.691648187456
2024-09-18,Chandur Bazar,4340,4813.831804819396
2024-09-19,Chandur Bazar,5140,4646.259509388061
2024-09-19,Chandur Bazar,4270,4486.877635029012
2024-09-20,Chandur Bazar,4711,4627.903401050045
2024-09-20,Chandur Bazar,4300,4515.562018818637
2024-09-23,Chandur Bazar,4511,4721.496302839347
2024-09-23,Chandur Bazar,4400,4231.168324160008
2024-09-24,Chandur Bazar,4511,4591.253003304868
2024-09-24,Chandur Bazar,4350,4246.506135244243
2024-09-25,Chandur Bazar,4511,4472.088913229978
2024-09-26,Chandur Bazar,4350,4335.925329999476
2024-09-26,Chandur Bazar,4111,4390.61904495254
2024-09-27,Chandur Bazar,4150,4133.196054001819
2024-09-30,Chandur Bazar,4170,4170.814585311675
2024-09-30,Chandur Bazar,3911,4139.7319557693045
2024-10-01,Chandur Bazar,4240,4065.287727292609
2024-10-01,Chandur Bazar,3890,4054.2889156388737
2024-10-03,Chandur Bazar,4230,4020.306865592316
2024-10-03,Chandur Bazar,4150,4110.374856643624
2024-10-04,Chandur Bazar,3800,4125.365849302783
2024-10-04,Chandur Bazar,4220,3874.961844804491
2024-10-10,Chandur Bazar,4205,4169.925608640182
2024-10-11,Chandur Bazar,4050,4177.021327599485
2024-10-14,Chandur Bazar,4200,4092.696395459665
2024-10-15,Chandur Bazar,4200,4080.5664032560253
2024-10-16,Chandur Bazar,3700,4093.902593827055
2024-10-17,Chandur Bazar,3850,3940.223048200056
2024-10-18,Chandur Bazar,3910,3845.334269450008
2024-10-21,Chandur Bazar,4000,4000.7725742052226
2024-10-22,Chandur Bazar,4000,4022.4389346803982
2024-10-23,Chandur Bazar,4000,3938.026724157464
2024-10-24,Chandur Bazar,3900,3854.452891640396
2024-10-28,Chandur Bazar,4060,3984.347342926947
2024-10-29,Chandur Bazar,4060,4059.6318014901917
2024-11-04,Chandur Bazar,4150,4109.1199675712105
2024-11-05,Chandur Bazar,4040,4077.562005512462
2024-11-06,Chandur Bazar,4040,4039.677888321139
2024-11-07,Chandur Bazar,4200,4043.6170002521285
2024-11-11,Chandur Bazar,3850,4149.4081363093555
2024-11-12,Chandur Bazar,3600,3894.4054573152152
2024-11-13,Chandur Bazar,3850,3703.4064484792743
2024-11-14,Chandur Bazar,3750,3840.976656968227
2024-11-18,Chandur Bazar,3860,3870.6236982433275
2024-11-22,Chandur Bazar,4030,3839.775919209542
2024-11-25,Chandur Bazar,4020,3866.6651856159842
2024-11-26,Chandur Bazar,4010,3934.9769050307805
2024-11-27,Chandur Bazar,3840,3976.690832944738
2024-11-28,Chandur Bazar,3800,3842.9361381797844
2024-11-29,Chandur Bazar,4010,3896.465857984047
2024-12-02,Chandur Bazar,4010,4019.419625456121
2024-12-03,Chandur Bazar,3980,3987.3951217444737
2024-12-04,Chandur Bazar,3850,3876.147375865323
2024-01-02,Chandur Railway,4550,4707.703770313559
2024-01-03,Chandur Railway,4550,4624.676762595216
2024-01-15,Chandur Railway,4550,4589.228926590486
2024-01-16,Chandur Railway,4550,4590.1909689357235
2024-02-02,Chandur Railway,4400,4539.543439340881
2024-02-03,Chandur Railway,4300,4427.289587351199
2024-02-05,Chandur Railway,4350,4316.566279110339
2024-02-12,Chandur Railway,4400,4396.96087710418
2024-02-13,Chandur Railway,4350,4418.761547420401
2024-02-23,Chandur Railway,4350,4356.48053855024
2024-02-24,Chandur Railway,4270,4294.812141695329
2024-03-05,Chandur Railway,4300,4278.578715462558
2024-03-06,Chandur Railway,4300,4317.612273153236
2024-03-11,Chandur Railway,4250,4310.797652907177
2024-03-18,Chandur Railway,4200,4234.333422713084
2024-04-06,Chandur Railway,4400,4269.508119774091
2024-05-02,Chandur Railway,4400,4355.298777405867
2024-05-07,Chandur Railway,4450,4415.222372938071
2024-05-14,Chandur Railway,4500,4392.447903494794
2024-05-17,Chandur Railway,4400,4436.731941596408
2024-05-18,Chandur Railway,4400,4419.7761654572005
2024-05-24,Chandur Railway,4350,4436.588995606919
2024-05-28,Chandur Railway,4370,4391.523909989995
2024-05-29,Chandur Railway,4350,4393.398932835093
2024-06-01,Chandur Railway,4375,4377.321288880719
2024-06-04,Chandur Railway,4350,4334.330340470797
2024-06-05,Chandur Railway,4300,4338.277724537997
2024-06-07,Chandur Railway,4400,4316.470041862349
2024-06-08,Chandur Railway,4425,4390.96688556285
2024-06-15,Chandur Railway,4380,4412.790271522701
2024-06-19,Chandur Railway,4400,4365.04182334311
2024-06-25,Chandur Railway,4400,4359.382610208879
2024-06-28,Chandur Railway,4425,4399.839571015356
2024-07-08,Chandur Railway,4375,4443.659150384487
2024-07-11,Chandur Railway,4300,4387.728562100125
2024-07-12,Chandur Railway,4300,4324.689707663223
2024-07-19,Chandur Railway,4325,4341.493007785901
2024-07-30,Chandur Railway,4211,4330.912746489579
2024-08-02,Chandur Railway,4190,4247.728435297004
2024-08-03,Chandur Railway,4200,4190.069434708503
2024-08-07,Chandur Railway,4180,4204.4613137769575
2024-08-08,Chandur Railway,4175,4202.532262304068
2024-08-16,Chandur Railway,4060,4156.649522222273
2024-08-21,Chandur Railway,4050,4060.9357146048897
2024-08-22,Chandur Railway,4090,4066.9974949929256
2024-08-23,Chandur Railway,4100,4114.6830239546
2024-08-30,Chandur Railway,4300,4134.86349283655
2024-08-31,Chandur Railway,4350,4235.66540437784
2024-09-04,Chandur Railway,4425,4277.392752901926
2024-09-12,Chandur Railway,4450,4331.686732086786
2024-09-17,Chandur Railway,4560,4406.7881218063085
2024-09-20,Chandur Railway,4600,4508.061268257781
2024-09-21,Chandur Railway,4550,4593.612879411208
2024-10-11,Chandur Railway,4100,4466.89951846375
2024-10-21,Chandur Railway,4000,4184.608253741915
2024-10-22,Chandur Railway,4000,4073.745246568318
2024-11-04,Chandur Railway,3950,4132.189810267006
2024-11-05,Chandur Railway,4000,4028.2460663120655
2024-11-09,Chandur Railway,4000,3951.8130381975097
2024-11-11,Chandur Railway,3900,3864.534408868569
2024-11-18,Chandur Railway,4000,3903.380622054092
2024-11-19,Chandur Railway,3900,3952.953298569744
2024-11-21,Chandur Railway,4000,3950.680662691462
2024-11-22,Chandur Railway,3900,3960.739830743989
2024-11-25,Chandur Railway,4000,3929.5346425894695
2024-11-27,Chandur Railway,3900,3919.1613236698267
2024-11-28,Chandur Railway,3900,3941.2403956174385
2024-12-03,Chandur Railway,4000,3871.0429175868376
2024-12-04,Chandur Railway,3900,3971.9137713944365
2024-01-01,Daryapur,4500,4562.3882889280285
2024-01-02,Daryapur,4500,4523.809096728495
2024-01-03,Daryapur,4520,4573.835206986569
2024-01-05,Daryapur,4500,4552.219749119777
2024-01-06,Daryapur,4500,4532.734795670305
2024-01-09,Daryapur,4500,4506.703069378285
2024-01-12,Daryapur,4500,4516.141677895337
2024-01-13,Daryapur,4500,4531.844029201853
2024-01-15,Daryapur,4500,4525.448065924262
2024-01-16,Daryapur,4450,4510.46411183529
2024-01-19,Daryapur,4420,4487.289549206353
2024-02-09,Daryapur,4350,4444.5773570022775
2024-02-10,Daryapur,4350,4417.282545522823
2024-02-13,Daryapur,4350,4392.342708774826
2024-02-20,Daryapur,4375,4392.2876784996915
2024-02-21,Daryapur,4375,4377.482281070512
2024-02-23,Daryapur,4325,4370.220270273458
2024-02-27,Daryapur,4325,4329.986116986705
2024-02-28,Daryapur,4350,4343.02625299184
2024-03-01,Daryapur,4325,4357.300723031078
2024-03-02,Daryapur,4375,4362.030021678234
2024-03-05,Daryapur,4300,4340.049058293838
2024-03-06,Daryapur,4300,4309.472543783648
2024-03-09,Daryapur,4200,4284.009429039805
2024-03-13,Daryapur,4250,4255.787836201305
2024-03-16,Daryapur,4350,4276.517594821398
2024-03-17,Daryapur,4350,4367.464198457252
2024-03-18,Daryapur,4375,4317.756955479574
2024-03-19,Daryapur,4325,4320.689457924265
2024-03-20,Daryapur,4300,4298.4645540162965
2024-03-21,Daryapur,4250,4316.217492722499
2024-03-23,Daryapur,4250,4307.014723452128
2024-03-26,Daryapur,4250,4269.900809114175
2024-03-27,Daryapur,4200,4264.911626949397
2024-04-02,Daryapur,4350,4252.840688913029
2024-04-04,Daryapur,4275,4322.873548527701
2024-04-06,Daryapur,4365,4328.690382402068
2024-04-08,Daryapur,4550,4360.463514935716
2024-04-13,Daryapur,4500,4510.037063497572
2024-05-06,Daryapur,4350,4449.847064922724
2024-05-07,Daryapur,4377,4373.016169350096
2024-05-08,Daryapur,4450,4378.625274255412
2024-05-11,Daryapur,4350,4496.200191649734
2024-05-13,Daryapur,4400,4429.603940347006
2024-05-14,Daryapur,4400,4358.642046087838
2024-05-15,Daryapur,4400,4388.152675527801
2024-05-17,Daryapur,4350,4406.413153920395
2024-05-18,Daryapur,4350,4385.359583079777
2024-05-20,Daryapur,4225,4316.286116977508
2024-05-21,Daryapur,4350,4312.9909169313505
2024-05-22,Daryapur,4200,4308.395248458737
2024-05-24,Daryapur,4350,4287.335150733961
2024-05-25,Daryapur,4350,4302.12905134458
2024-05-27,Daryapur,4350,4355.993299252064
2024-05-28,Daryapur,4350,4308.290905880391
2024-06-03,Daryapur,4350,4341.505517756565
2024-06-04,Daryapur,4300,4311.709553283768
2024-06-05,Daryapur,4350,4357.140918233543
2024-06-10,Daryapur,4300,4320.539334441106
2024-06-11,Daryapur,4300,4313.235038472689
2024-06-18,Daryapur,4300,4284.408339299647
2024-06-19,Daryapur,4350,4303.8596566973065
2024-06-25,Daryapur,4375,4334.87039043511
2024-06-28,Daryapur,4300,4358.567907815674
2024-07-01,Daryapur,4200,4290.0330871456135
2024-07-02,Daryapur,4300,4254.838679589635
2024-07-03,Daryapur,4250,4312.911914706661
2024-07-05,Daryapur,4300,4324.9628603830915
2024-07-06,Daryapur,4325,4304.123611772926
2024-07-08,Daryapur,4300,4300.000069804928
2024-07-09,Daryapur,4300,4292.564879124999
2024-07-16,Daryapur,4250,4314.039032193306
2024-08-02,Daryapur,4150,4246.076582184105
2024-08-05,Daryapur,4150,4190.876153568366
2024-08-06,Daryapur,4150,4176.850470304682
2024-08-07,Daryapur,4150,4178.226578860138
2024-08-09,Daryapur,4175,4161.279457920829
2024-08-10,Daryapur,4150,4155.0405603907
2024-08-12,Daryapur,4050,4111.782636536234
2024-08-16,Daryapur,4050,4079.1046504784536
2024-08-17,Daryapur,4050,4073.636087585146
2024-08-21,Daryapur,4100,4089.173731544677
2024-08-23,Daryapur,4125,4108.944096881929
2024-08-24,Daryapur,4175,4115.000344977891
2024-08-26,Daryapur,4250,4128.170408834147
2024-08-27,Daryapur,4350,4221.438454098003
2024-08-28,Daryapur,4200,4272.906391239923
2024-08-30,Daryapur,4350,4241.436854137042
2024-08-31,Daryapur,4350,4301.265107114974
2024-09-03,Daryapur,4450,4386.004276586011
2024-09-06,Daryapur,7500,4878.471943091736
2024-09-09,Daryapur,4250,6061.648993081721
2024-09-10,Daryapur,4350,4716.030626187461
2024-09-13,Daryapur,4400,3782.285686562651
2024-09-14,Daryapur,4650,4934.975740664968
2024-09-18,Daryapur,4480,5010.748044871656
2024-09-20,Daryapur,4550,4926.554411666628
2024-09-21,Daryapur,4450,3671.180181392987
2024-09-23,Daryapur,4450,4487.403261808355
2024-09-24,Daryapur,4400,4453.333814302507
2024-09-25,Daryapur,4400,4461.487818703865
2024-09-27,Daryapur,4450,4372.292356024369
2024-09-28,Daryapur,4425,4446.933393213199
2024-09-30,Daryapur,4425,4383.337198437888
2024-10-01,Daryapur,4425,4393.701632742579
2024-10-04,Daryapur,4400,4429.299407073382
2024-10-05,Daryapur,4350,4409.364931702996
2024-10-09,Daryapur,4300,4343.290024932001
2024-10-11,Daryapur,4300,4275.451048738543
2024-10-15,Daryapur,4150,4260.773415338552
2024-10-16,Daryapur,4050,4165.257430324506
2024-10-18,Daryapur,4200,4073.9026853926935
2024-10-19,Daryapur,4200,4187.779401628517
2024-10-23,Daryapur,4200,4212.745046557222
2024-11-16,Daryapur,4250,4036.8034408883304
2024-11-25,Daryapur,4100,4217.445649687119
2024-11-26,Daryapur,4150,4208.554832505024
2024-12-03,Daryapur,4100,4070.7304586089467
2024-12-04,Daryapur,4050,4064.1179746254365
2024-01-05,Dhamngaon-Railway,4500,4536.738080901219
2024-01-06,Dhamngaon-Railway,4500,4539.332733100016
2024-01-11,Dhamngaon-Railway,4500,4520.362242527264
2024-01-17,Dhamngaon-Railway,4500,4503.870083317317
2024-02-05,Dhamngaon-Railway,4300,4472.968558715522
2024-02-09,Dhamngaon-Railway,4300,4367.834533673578
2024-02-10,Dhamngaon-Railway,4300,4339.347795361253
2024-02-16,Dhamngaon-Railway,4250,4355.209094834769
2024-02-24,Dhamngaon-Railway,4300,4298.223412336592
2024-03-21,Dhamngaon-Railway,4250,4251.018659414522
2024-05-02,Dhamngaon-Railway,4300,4232.30347348511
2024-05-08,Dhamngaon-Railway,4350,4288.732493361376
2024-05-15,Dhamngaon-Railway,4300,4331.00780766444
2024-05-20,Dhamngaon-Railway,4350,4293.403300732532
2024-05-25,Dhamngaon-Railway,4250,4325.2540264588315
2024-06-22,Dhamngaon-Railway,4300,4296.546570135253
2024-06-25,Dhamngaon-Railway,4300,4311.827113845113
2024-06-28,Dhamngaon-Railway,4250,4326.732937020559
2024-06-29,Dhamngaon-Railway,4250,4261.944437148417
2024-07-03,Dhamngaon-Railway,4200,4270.729610095568
2024-07-05,Dhamngaon-Railway,4300,4248.830615005769
2024-07-09,Dhamngaon-Railway,4250,4301.854683454982
2024-07-10,Dhamngaon-Railway,4250,4276.997103666714
2024-07-25,Dhamngaon-Railway,4200,4225.259732211611
2024-07-30,Dhamngaon-Railway,4150,4211.632156697007
2024-08-01,Dhamngaon-Railway,4100,4163.2005145968305
2024-08-08,Dhamngaon-Railway,4100,4153.7667100087965
2024-08-17,Dhamngaon-Railway,4000,4101.116982135667
2024-09-12,Dhamngaon-Railway,4400,4096.382125407388
2024-09-18,Dhamngaon-Railway,4300,4256.008140679298
2024-09-19,Dhamngaon-Railway,4300,4279.656979937301
2024-09-20,Dhamngaon-Railway,4600,4226.320498988551
2024-09-30,Dhamngaon-Railway,4400,4430.060550841097
2024-10-09,Dhamngaon-Railway,4200,4380.278748841483
2024-10-10,Dhamngaon-Railway,4100,4255.042123770005
2024-10-15,Dhamngaon-Railway,4000,4109.343668555246
2024-10-16,Dhamngaon-Railway,4150,4137.484935765784
2024-10-17,Dhamngaon-Railway,4000,4191.443495679339
2024-10-18,Dhamngaon-Railway,4200,4038.091835568526
2024-10-19,Dhamngaon-Railway,4100,4076.405693872064
2024-10-21,Dhamngaon-Railway,4000,4107.87204152294
2024-10-23,Dhamngaon-Railway,4200,4022.060774715923
2024-10-24,Dhamngaon-Railway,4200,4187.705042564739
2024-10-25,Dhamngaon-Railway,4200,4199.955765069695
2024-10-26,Dhamngaon-Railway,4200,4202.411381141092
2024-11-05,Dhamngaon-Railway,4200,4143.986694254845
2024-11-06,Dhamngaon-Railway,4100,4172.184518822294
2024-11-12,Dhamngaon-Railway,4000,4150.279261334035
2024-11-16,Dhamngaon-Railway,4100,4064.7745034257496
2024-11-18,Dhamngaon-Railway,4000,4094.4539316464834
2024-11-22,Dhamngaon-Railway,4100,4090.0018782954503
2024-12-03,Dhamngaon-Railway,4100,4045.7661882416814
2024-12-04,Dhamngaon-Railway,4100,4067.5117368018327
2024-01-01,Karanja,4590,4594.867278325368
2024-01-02,Karanja,4590,4634.889236965733
2024-01-03,Karanja,4590,4632.272636441274
2024-01-04,Karanja,4580,4594.215371001095
2024-01-05,Karanja,4590,4591.027705703311
2024-01-06,Karanja,4565,4649.86564741646
2024-01-08,Karanja,4590,4594.383610372484
2024-01-09,Karanja,4575,4606.037809714346
2024-01-10,Karanja,4580,4613.461608152977
2024-01-11,Karanja,4565,4599.3399195019465
2024-01-12,Karanja,4630,4612.492289108392
2024-01-15,Karanja,4560,4618.6518944647705
2024-01-16,Karanja,4560,4597.630215919311
2024-01-17,Karanja,4575,4576.850161421957
2024-01-18,Karanja,4515,4607.707118805443
2024-01-19,Karanja,4475,4572.648667194928
2024-01-23,Karanja,4450,4522.48777580834
2024-01-24,Karanja,4425,4475.05859012156
2024-01-25,Karanja,4460,4493.214870918293
2024-01-30,Karanja,4255,4457.545753755401
2024-01-31,Karanja,4240,4335.758459062605
2024-02-01,Karanja,4270,4281.972346718818
2024-02-02,Karanja,4275,4345.871504667242
2024-02-03,Karanja,4325,4350.126116765003
2024-02-05,Karanja,4350,4326.853267138487
2024-02-06,Karanja,4355,4313.32171563229
2024-02-07,Karanja,4375,4360.776509114759
2024-02-08,Karanja,4395,4388.668100723544
2024-02-09,Karanja,4390,4399.56090117496
2024-02-12,Karanja,4375,4397.646423317237
2024-02-13,Karanja,4395,4398.63517475146
2024-02-14,Karanja,4365,4409.991378605864
2024-02-15,Karanja,4275,4388.894135262388
2024-02-16,Karanja,4365,4350.083311873806
2024-02-17,Karanja,4360,4392.428192208743
2024-02-20,Karanja,4375,4387.854281052278
2024-02-21,Karanja,4395,4382.48261834792
2024-02-22,Karanja,4375,4372.915742406945
2024-02-23,Karanja,4370,4366.300958537853
2024-02-27,Karanja,4345,4396.819789053654
2024-02-28,Karanja,4370,4370.2933707519005
2024-02-29,Karanja,4355,4386.497628842511
2024-03-04,Karanja,4380,4369.440497381847
2024-03-05,Karanja,4230,4349.540220291896
2024-03-06,Karanja,4260,4283.832712053398
2024-03-07,Karanja,4265,4267.513577071828
2024-03-12,Karanja,4275,4303.235491706517
2024-03-13,Karanja,4275,4294.643118784134
2024-03-14,Karanja,4290,4279.166330689817
2024-03-15,Karanja,4340,4273.711534507856
2024-03-16,Karanja,4310,4347.938797283492
2024-03-18,Karanja,4290,4315.7259178560125
2024-03-19,Karanja,4250,4272.859772674799
2024-03-20,Karanja,4375,4284.735804786516
2024-03-21,Karanja,4360,4356.336937422875
2024-03-22,Karanja,4330,4367.532090962306
2024-03-26,Karanja,4360,4313.585112378625
2024-03-27,Karanja,4340,4335.424166908779
2024-03-28,Karanja,4325,4363.576727136271
2024-04-03,Karanja,4390,4411.0090802499635
2024-04-04,Karanja,4395,4411.424142930118
2024-04-06,Karanja,4425,4424.88066141528
2024-04-08,Karanja,4590,4456.261993832333
2024-04-13,Karanja,4600,4570.607580521431
2024-04-15,Karanja,4320,4537.712229166689
2024-04-22,Karanja,4475,4396.712061524428
2024-04-27,Karanja,4450,4483.417491740702
2024-04-29,Karanja,4385,4542.315341695628
2024-04-30,Karanja,4380,4435.763916016402
2024-05-02,Karanja,4390,4382.109463419612
2024-05-03,Karanja,4425,4373.375006034334
2024-05-04,Karanja,4470,4497.539852584361
2024-05-06,Karanja,4425,4436.284083537481
2024-05-07,Karanja,4525,4434.54412440558
2024-05-08,Karanja,4475,4494.422862796864
2024-05-09,Karanja,4450,4496.0104017919075
2024-05-14,Karanja,4390,4429.646361233685
2024-05-15,Karanja,4375,4427.42618872162
2024-05-16,Karanja,4350,4397.028876772105
2024-05-17,Karanja,4400,4419.001550632642
2024-05-18,Karanja,4400,4417.26203634203
2024-05-21,Karanja,4450,4407.618726494064
2024-05-22,Karanja,4390,4421.867657138797
2024-05-25,Karanja,4425,4418.5880298697975
2024-05-27,Karanja,4460,4411.255341159529
2024-05-28,Karanja,4325,4455.641586676073
2024-05-29,Karanja,4420,4388.174803782125
2024-05-31,Karanja,4390,4412.978498110446
2024-06-01,Karanja,4365,4427.920665550037
2024-06-03,Karanja,4415,4371.702954698649
2024-06-04,Karanja,4390,4402.192122823044
2024-06-05,Karanja,4375,4374.457390119833
2024-06-07,Karanja,4370,4383.698954097308
2024-06-10,Karanja,4375,4334.327619082545
2024-06-12,Karanja,4380,4397.5863054520505
2024-06-13,Karanja,4370,4380.365165975378
2024-06-14,Karanja,4355,4365.488566518208
2024-06-18,Karanja,4345,4357.51297047508
2024-06-19,Karanja,4375,4362.91922315659
2024-06-20,Karanja,4390,4387.7655927518135
2024-06-21,Karanja,4375,4401.4341477456055
2024-06-24,Karanja,4465,4383.091249501867
2024-06-25,Karanja,4440,4429.180407089525
2024-06-26,Karanja,4350,4427.892770217499
2024-06-27,Karanja,4345,4361.693659788327
2024-06-28,Karanja,4365,4354.795225763723
2024-07-02,Karanja,4385,4401.047151071851
2024-07-03,Karanja,4330,4408.284421257598
2024-07-04,Karanja,4365,4344.422254513054
2024-07-05,Karanja,4375,4346.3457414270815
2024-07-06,Karanja,4365,4407.879422867112
2024-07-08,Karanja,4350,4382.482684863051
2024-07-09,Karanja,4335,4368.491143524778
2024-07-10,Karanja,4285,4344.0054499509715
2024-07-11,Karanja,4285,4341.244074164135
2024-07-12,Karanja,4260,4325.104651942518
2024-07-15,Karanja,4250,4291.555822519811
2024-07-16,Karanja,4290,4277.276393805812
2024-07-18,Karanja,4285,4301.676069951882
2024-07-19,Karanja,4265,4287.596841975797
2024-07-20,Karanja,4355,4301.843800433189
2024-07-22,Karanja,4320,4304.909770586861
2024-07-23,Karanja,4370,4337.327050039852
2024-07-24,Karanja,4290,4351.3596837568275
2024-07-26,Karanja,4285,4304.612363989034
2024-07-29,Karanja,4235,4276.192223666918
2024-07-30,Karanja,4175,4283.845217384171
2024-07-31,Karanja,4150,4207.811704289767
2024-08-01,Karanja,4180,4208.770772303647
2024-08-02,Karanja,4165,4188.757368276289
2024-08-03,Karanja,4195,4209.265386672705
2024-08-05,Karanja,4260,4182.283234660388
2024-08-06,Karanja,4260,4228.575364212662
2024-08-07,Karanja,4250,4245.384158322418
2024-08-08,Karanja,4150,4230.984726558931
2024-08-12,Karanja,4155,4158.886853829641
2024-08-13,Karanja,4160,4165.758904942846
2024-08-14,Karanja,4160,4208.064436529085
2024-08-16,Karanja,4120,4169.020549502286
2024-08-17,Karanja,4125,4140.167169116619
2024-08-20,Karanja,4120,4104.339078315148
2024-08-21,Karanja,4125,4127.2987345962065
2024-08-22,Karanja,4140,4139.811554292764
2024-08-23,Karanja,4175,4145.348448160006
2024-08-26,Karanja,4275,4168.047215607658
2024-08-27,Karanja,4280,4241.568050777309
2024-08-28,Karanja,4275,4262.148596941113
2024-08-29,Karanja,4290,4253.956607688824
2024-08-30,Karanja,4310,4292.356230875455
2024-08-31,Karanja,4385,4349.845495287926
2024-09-03,Karanja,4040,4329.991367515369
2024-09-04,Karanja,4490,4180.721844255213
2024-09-05,Karanja,4540,4377.31657073606
2024-09-06,Karanja,4410,4538.323168709267
2024-09-09,Karanja,4435,4340.320097277017
2024-09-10,Karanja,4350,4342.557833288873
2024-09-12,Karanja,4440,4354.439259592196
2024-09-13,Karanja,4475,4519.7637771958725
2024-09-18,Karanja,4470,4461.746687335557
2024-09-19,Karanja,4450,4379.30631597643
2024-09-20,Karanja,4485,4405.170926827255
2024-09-21,Karanja,4530,4446.702565332604
2024-09-23,Karanja,4475,4525.710050656486
2024-09-24,Karanja,4425,4450.89958979057
2024-09-25,Karanja,4485,4445.188875466089
2024-09-26,Karanja,4550,4473.586273466373
2024-09-27,Karanja,4580,4544.980814638686
2024-09-30,Karanja,4555,4530.882889603456
2024-10-03,Karanja,4350,4501.8107992550995
2024-10-05,Karanja,4225,4370.911417874122
2024-10-09,Karanja,4235,4332.832245157599
2024-10-10,Karanja,4285,4315.532682157571
2024-10-11,Karanja,4285,4349.571552390707
2024-10-14,Karanja,4380,4264.11486388682
2024-10-15,Karanja,4250,4246.481626579678
2024-10-18,Karanja,4350,4219.893045537201
2024-10-19,Karanja,4255,4307.193578925235
2024-10-21,Karanja,4050,4246.270842286793
2024-12-04,Karanja,4040,4000.10426140012
2024-12-05,Karanja,4025,4066.0924526372837
2024-01-01,Morshi,4750,4596.396257990649
2024-01-02,Morshi,4450,4756.155581892712
2024-01-04,Morshi,4430,4506.356928836449
2024-01-08,Morshi,4492,4415.746909811898
2024-01-11,Morshi,4600,4558.691389841582
2024-01-15,Morshi,4460,4634.86011998832
2024-01-18,Morshi,4425,4493.405913778493
2024-01-19,Morshi,4410,4364.580763258718
2024-01-25,Morshi,4450,4472.605453797909
2024-01-29,Morshi,4275,4469.318513022732
2024-02-01,Morshi,4325,4361.391696990035
2024-02-02,Morshi,4385,4313.51750488188
2024-02-05,Morshi,4295,4389.304568989166
2024-02-12,Morshi,4260,4317.482163145247
2024-02-15,Morshi,4265,4266.6492211023215
2024-02-19,Morshi,4215,4247.51046808516
2024-02-22,Morshi,4265,4285.285690157743
2024-02-29,Morshi,4175,4260.405065269286
2024-03-04,Morshi,4265,4195.82698174934
2024-03-05,Morshi,4265,4235.638229081505
2024-03-07,Morshi,4220,4271.407541182245
2024-03-11,Morshi,4212,4203.867479700812
2024-03-14,Morshi,4195,4213.772960991251
2024-03-18,Morshi,4215,4197.451412393491
2024-03-21,Morshi,4275,4245.723677991769
2024-03-28,Morshi,4165,4242.195518145458
2024-04-08,Morshi,4425,4233.280311657487
2024-04-15,Morshi,4392,4354.59526646528
2024-04-22,Morshi,4250,4386.9511276901485
2024-04-29,Morshi,4255,4254.851942548372
2024-05-02,Morshi,4175,4253.679311257896
2024-05-06,Morshi,4175,4232.417246813353
2024-05-16,Morshi,4375,4294.258414545484
2024-05-23,Morshi,4290,4316.797640429057
2024-06-13,Morshi,4225,4251.479210995971
2024-06-17,Morshi,4180,4171.525461401077
2024-06-24,Morshi,4300,4187.762615455114
2024-07-01,Morshi,4230,4310.957275770961
2024-07-08,Morshi,4262,4310.7306315496935
2024-07-25,Morshi,4212,4212.597003081519
2024-09-09,Morshi,4277,4198.95285824918
2024-09-12,Morshi,4250,4242.428000227748
2024-09-16,Morshi,4387,4288.674655882864
2024-09-19,Morshi,4250,4290.431553672823
2024-09-23,Morshi,4332,4269.853206833264
2024-09-26,Morshi,4375,4272.03431346547
2024-09-30,Morshi,4395,4371.643342753556
2024-10-03,Morshi,4207,4355.123353919165
2024-10-11,Morshi,3945,4217.741026890166
2024-10-14,Morshi,4175,4031.558302023692
2024-10-15,Morshi,3990,4174.349799381447
2024-10-17,Morshi,3950,4104.832772492062
2024-10-18,Morshi,3912,3930.0985984133604
2024-10-21,Morshi,3975,3881.079079986952
2024-10-24,Morshi,4085,3960.695739274126
2024-10-25,Morshi,4112,4122.058809631997
2024-11-04,Morshi,3642,3938.9412153391986
2024-11-07,Morshi,3700,3707.336535266235
2024-11-14,Morshi,3962,3739.420428303185
2024-11-22,Morshi,3895,4026.064959653415
2024-11-25,Morshi,3700,3902.6399956113582
2024-11-28,Morshi,4020,3658.5580921096753
2024-11-29,Morshi,3895,3828.5684605503175
2024-12-02,Morshi,3825,3954.118606682765
2024-01-01,Murtizapur,4570,4623.3309906187005
2024-01-02,Murtizapur,4575,4611.183901505819
2024-01-05,Murtizapur,4550,4612.325094685717
2024-01-06,Murtizapur,4555,4602.847807742446
2024-01-08,Murtizapur,4575,4565.5324847175525
2024-01-09,Murtizapur,4555,4575.222110070981
2024-01-10,Murtizapur,4565,4592.88185783607
2024-01-11,Murtizapur,4575,4590.016856006485
2024-01-12,Murtizapur,4605,4607.144042820941
2024-01-13,Murtizapur,4565,4626.298376103499
2024-01-15,Murtizapur,4695,4613.576195759311
2024-01-16,Murtizapur,4505,4633.722803155137
2024-01-17,Murtizapur,4550,4578.564299901333
2024-01-18,Murtizapur,4485,4540.526663443903
2024-01-19,Murtizapur,4465,4568.885423680771
2024-01-20,Murtizapur,4495,4528.849320774254
2024-01-23,Murtizapur,4475,4541.495967593108
2024-01-24,Murtizapur,4455,4472.949119791305
2024-01-25,Murtizapur,4450,4491.456421266976
2024-01-27,Murtizapur,4405,4465.073825767749
2024-01-29,Murtizapur,4310,4426.975876037808
2024-01-30,Murtizapur,4250,4355.4639412488195
2024-01-31,Murtizapur,4265,4309.140504033157
2024-02-01,Murtizapur,4250,4310.247754724371
2024-02-02,Murtizapur,4350,4313.1521576863
2024-02-03,Murtizapur,4360,4341.993646711428
2024-02-05,Murtizapur,4370,4342.0944931267295
2024-02-06,Murtizapur,4390,4343.375396324389
2024-02-07,Murtizapur,4375,4387.93889563487
2024-02-08,Murtizapur,4405,4395.847137432638
2024-02-09,Murtizapur,4405,4436.655798467142
2024-02-10,Murtizapur,4385,4426.450325288912
2024-02-12,Murtizapur,4365,4397.210197643541
2024-02-13,Murtizapur,4385,4391.141329078535
2024-02-14,Murtizapur,4350,4399.040600682172
2024-02-15,Murtizapur,4365,4394.110501882333
2024-02-16,Murtizapur,4310,4373.001225492257
2024-02-20,Murtizapur,4325,4340.445456330794
2024-02-21,Murtizapur,4365,4344.445605768233
2024-02-22,Murtizapur,4315,4376.276684299355
2024-02-23,Murtizapur,4370,4346.172426035442
2024-02-24,Murtizapur,4365,4367.592080018592
2024-02-29,Murtizapur,4305,4363.934641095762
2024-03-01,Murtizapur,4305,4327.436111929017
2024-03-04,Murtizapur,4305,4311.899354673102
2024-03-07,Murtizapur,4225,4297.963528481854
2024-03-11,Murtizapur,4225,4260.030176391438
2024-03-13,Murtizapur,4295,4236.6604238553045
2024-03-16,Murtizapur,4295,4290.120530451533
2024-03-18,Murtizapur,4310,4298.643611488447
2024-03-23,Murtizapur,4310,4279.065500348048
2024-04-01,Murtizapur,4305,4306.044763295704
2024-04-02,Murtizapur,4315,4335.63963748081
2024-04-03,Murtizapur,4305,4353.873579873909
2024-04-04,Murtizapur,4350,4346.708996721201
2024-04-06,Murtizapur,4405,4378.477418031309
2024-04-08,Murtizapur,4450,4414.870747178073
2024-04-15,Murtizapur,4495,4446.723904002054
2024-04-22,Murtizapur,4415,4468.180763357452
2024-04-24,Murtizapur,4405,4432.381258120962
2024-04-27,Murtizapur,4385,4438.018074318203
2024-04-29,Murtizapur,4390,4437.782619097585
2024-04-30,Murtizapur,4400,4432.532526131499
2024-05-02,Murtizapur,4390,4417.37258363792
2024-05-03,Murtizapur,4405,4388.421975630439
2024-05-06,Murtizapur,4405,4394.86503683441
2024-05-07,Murtizapur,4410,4404.795150207112
2024-05-08,Murtizapur,4415,4414.039004282133
2024-05-09,Murtizapur,4470,4434.033854035504
2024-05-11,Murtizapur,4410,4464.660755566294
2024-05-13,Murtizapur,4415,4430.190362264017
2024-05-14,Murtizapur,4415,4411.986435739662
2024-05-15,Murtizapur,4440,4442.793850476295
2024-05-16,Murtizapur,4380,4443.423797180161
2024-05-17,Murtizapur,4405,4422.640336279072
2024-05-18,Murtizapur,4405,4398.528846844898
2024-05-22,Murtizapur,4410,4419.288855773249
2024-05-24,Murtizapur,4415,4417.205517407743
2024-05-25,Murtizapur,4410,4423.3165320024855
2024-05-27,Murtizapur,4325,4379.206369054
2024-05-30,Murtizapur,4310,4348.276532354319
2024-06-01,Murtizapur,4305,4322.760353622651
2024-06-03,Murtizapur,4305,4323.333253251281
2024-06-04,Murtizapur,4310,4317.313327064048
2024-06-05,Murtizapur,4305,4303.1846163609425
2024-06-06,Murtizapur,4305,4285.2286646313005
2024-06-07,Murtizapur,4300,4303.949359558683
2024-06-08,Murtizapur,4305,4308.713159691171
2024-06-11,Murtizapur,4305,4298.412828520235
2024-06-13,Murtizapur,4320,4306.6657247050025
2024-06-14,Murtizapur,4305,4310.92462535877
2024-06-20,Murtizapur,4305,4303.632790861417
2024-06-21,Murtizapur,4310,4301.590435841792
2024-06-22,Murtizapur,4355,4322.947008525056
2024-06-25,Murtizapur,4390,4343.283234993296
2024-06-26,Murtizapur,4315,4358.99865967647
2024-06-27,Murtizapur,4390,4323.461880196761
2024-06-29,Murtizapur,4385,4361.9640406390645
2024-07-02,Murtizapur,4375,4412.41023811464
2024-07-03,Murtizapur,4350,4389.747870113702
2024-07-04,Murtizapur,4365,4374.550681049692
2024-07-05,Murtizapur,4315,4366.302255819355
2024-07-06,Murtizapur,4350,4379.816843026434
2024-07-08,Murtizapur,4305,4344.097568174049
2024-07-09,Murtizapur,4355,4340.86514443494
2024-07-10,Murtizapur,4210,4323.490936035045
2024-07-11,Murtizapur,4230,4269.790097546036
2024-07-13,Murtizapur,4265,4245.660973520231
2024-07-18,Murtizapur,4215,4297.241100488047
2024-07-24,Murtizapur,4210,4235.718826851216
2024-07-25,Murtizapur,4235,4223.180550362218
2024-07-30,Murtizapur,4095,4185.99535495447
2024-07-31,Murtizapur,4150,4162.054388466931
2024-08-01,Murtizapur,4100,4140.044173769791
2024-08-02,Murtizapur,4145,4145.5826678586345
2024-08-03,Murtizapur,4100,4138.973647051431
2024-08-06,Murtizapur,4135,4114.443894723825
2024-08-10,Murtizapur,4090,4095.1677305974245
2024-08-13,Murtizapur,4050,4108.069862543598
2024-08-14,Murtizapur,4075,4056.58483520114
2024-08-16,Murtizapur,4040,4091.426972712312
2024-08-17,Murtizapur,4090,4070.3116582848597
2024-08-20,Murtizapur,4020,4069.7863104450535
2024-08-21,Murtizapur,4010,4027.325670423472
2024-08-22,Murtizapur,4035,4009.84606307576
2024-08-23,Murtizapur,4050,4056.217326644117
2024-08-27,Murtizapur,4110,4053.962560545089
2024-08-28,Murtizapur,4115,4094.711297658512
2024-08-29,Murtizapur,4135,4088.66866091245
2024-08-30,Murtizapur,4120,4112.9223867271685
2024-09-04,Murtizapur,4230,4130.168494328906
2024-09-05,Murtizapur,4260,4200.609639506505
2024-09-06,Murtizapur,4245,4250.376208855176
2024-09-09,Murtizapur,4225,4200.166524815686
2024-09-10,Murtizapur,4230,4202.7973335678835
2024-09-12,Murtizapur,4300,4236.814749659263
2024-09-13,Murtizapur,4335,4313.216734543834
2024-09-19,Murtizapur,4450,4328.7801183346855
2024-09-20,Murtizapur,4440,4375.077120993392
2024-09-21,Murtizapur,4415,4393.155300773764
2024-09-23,Murtizapur,4390,4365.165905987222
2024-09-24,Murtizapur,4405,4390.214438242179
2024-09-25,Murtizapur,4430,4412.903041416785
2024-09-26,Murtizapur,4435,4446.040064096354
2024-09-27,Murtizapur,4440,4414.268803979294
2024-09-28,Murtizapur,4430,4408.357733500894
2024-09-30,Murtizapur,4420,4396.698010441121
2024-10-01,Murtizapur,4375,4419.104985719332
2024-10-04,Murtizapur,4270,4384.1619020473245
2024-10-05,Murtizapur,4340,4329.509660383243
2024-10-09,Murtizapur,4175,4320.047103898642
2024-10-10,Murtizapur,4190,4248.884112570009
2024-10-14,Murtizapur,4225,4182.245091174866
2024-10-15,Murtizapur,4100,4200.590556566041
2024-10-16,Murtizapur,4040,4108.396543541396
2024-10-17,Murtizapur,4035,4060.300622199902
2024-10-18,Murtizapur,3900,4006.467571815132
2024-10-19,Murtizapur,4025,3996.0351534108686
2024-10-21,Murtizapur,3950,4005.3141778451336
2024-10-22,Murtizapur,3890,3946.114736051415
2024-10-23,Murtizapur,3835,3866.202703386738
2024-10-24,Murtizapur,3825,3834.36376410272
2024-10-25,Murtizapur,3880,3839.257373904582
2024-10-26,Murtizapur,3875,3907.3257255836397
2024-11-06,Murtizapur,3870,3856.331936615632
2024-11-07,Murtizapur,3795,3832.2810384471286
2024-11-08,Murtizapur,3835,3818.784103730957
2024-11-11,Murtizapur,3775,3820.7460557301147
2024-11-12,Murtizapur,3755,3826.498540540988
2024-11-14,Murtizapur,3725,3764.503106124068
2024-11-16,Murtizapur,3970,3795.704579930609
2024-11-18,Murtizapur,3905,3897.8471277878125
2024-11-21,Murtizapur,3825,3921.059373611959
2024-11-22,Murtizapur,3840,3800.9167952434746
2024-11-25,Murtizapur,4005,3856.379209994955
2024-11-26,Murtizapur,3995,3995.51796581911
2024-11-28,Murtizapur,3975,4048.541679862499
2024-12-02,Murtizapur,3890,3887.1565696468133
2024-12-03,Murtizapur,3895,3874.5694441480246
2024-12-05,Murtizapur,3910,3917.686993857549
2024-01-01,Nandgaon Khandeshwar,4525,4546.470459157821
2024-01-03,Nandgaon Khandeshwar,4445,4547.488695357937
2024-01-04,Nandgaon Khandeshwar,4485,4530.843046945798
2024-01-05,Nandgaon Khandeshwar,4500,4494.1429223569885
2024-01-06,Nandgaon Khandeshwar,4500,4555.615730176767
2024-01-08,Nandgaon Khandeshwar,4475,4502.922082242016
2024-01-15,Nandgaon Khandeshwar,4500,4489.363379068725
2024-02-07,Nandgaon Khandeshwar,4300,4455.627838828885
2024-02-08,Nandgaon Khandeshwar,4325,4384.143336751775
2024-02-09,Nandgaon Khandeshwar,4340,4355.423546570524
2024-02-15,Nandgaon Khandeshwar,4225,4374.130647222108
2024-02-20,Nandgaon Khandeshwar,4125,4251.65166719875
2024-02-21,Nandgaon Khandeshwar,4200,4168.979189393256
2024-02-28,Nandgaon Khandeshwar,4200,4182.790598254025
2024-03-04,Nandgaon Khandeshwar,4165,4227.2482432686065
2024-05-02,Nandgaon Khandeshwar,4250,4184.698003682941
2024-05-03,Nandgaon Khandeshwar,4320,4211.827808966293
2024-05-04,Nandgaon Khandeshwar,4335,4300.976529710888
2024-05-06,Nandgaon Khandeshwar,4320,4321.401293890782
2024-05-08,Nandgaon Khandeshwar,4350,4303.222245212719
2024-05-11,Nandgaon Khandeshwar,4350,4343.541855055757
2024-05-13,Nandgaon Khandeshwar,4340,4375.315703699631
2024-05-14,Nandgaon Khandeshwar,4270,4346.430017170918
2024-05-16,Nandgaon Khandeshwar,4250,4293.822017695591
2024-05-17,Nandgaon Khandeshwar,4350,4291.077579675277
2024-05-20,Nandgaon Khandeshwar,4272,4341.525939957253
2024-05-21,Nandgaon Khandeshwar,4313,4305.923619230094
2024-05-24,Nandgaon Khandeshwar,4300,4284.960566576316
2024-05-31,Nandgaon Khandeshwar,4270,4296.274924155008
2024-06-01,Nandgaon Khandeshwar,4260,4279.041045249172
2024-06-05,Nandgaon Khandeshwar,4232,4272.305173327184
2024-06-06,Nandgaon Khandeshwar,4260,4234.249926131844
2024-06-07,Nandgaon Khandeshwar,4285,4272.478523826801
2024-06-14,Nandgaon Khandeshwar,4255,4272.076498692966
2024-06-22,Nandgaon Khandeshwar,4360,4263.845663613882
2024-07-08,Nandgaon Khandeshwar,4276,4316.798811608825
2024-07-09,Nandgaon Khandeshwar,4235,4294.825770473755
2024-07-18,Nandgaon Khandeshwar,4240,4253.512395355907
2024-08-21,Nandgaon Khandeshwar,4020,4216.898943654827
2024-08-23,Nandgaon Khandeshwar,4040,4100.548865308518
2024-08-26,Nandgaon Khandeshwar,4195,4092.660710182601
2024-08-27,Nandgaon Khandeshwar,4155,4173.576105143797
2024-08-28,Nandgaon Khandeshwar,4140,4150.851872051599
2024-08-29,Nandgaon Khandeshwar,4175,4093.6671116837115
2024-08-30,Nandgaon Khandeshwar,4255,4125.18155231225
2024-08-31,Nandgaon Khandeshwar,4320,4266.996621289467
2024-09-05,Nandgaon Khandeshwar,4310,4307.524853249261
2024-09-06,Nandgaon Khandeshwar,4285,4256.076858176024
2024-09-09,Nandgaon Khandeshwar,4200,4230.314672284014
2024-09-18,Nandgaon Khandeshwar,4385,4248.902733349534
2024-09-23,Nandgaon Khandeshwar,4600,4386.057421140204
2024-09-24,Nandgaon Khandeshwar,4310,4492.993336369382
2024-09-25,Nandgaon Khandeshwar,4310,4300.9347415352695
2024-09-26,Nandgaon Khandeshwar,4350,4237.8509403388125
2024-09-27,Nandgaon Khandeshwar,4390,4378.332303891837
2024-09-30,Nandgaon Khandeshwar,4395,4436.236650585064
2024-10-01,Nandgaon Khandeshwar,4375,4407.464173007385
2024-10-03,Nandgaon Khandeshwar,4210,4273.044451763148
2024-10-09,Nandgaon Khandeshwar,4000,4214.28033824476
2024-10-10,Nandgaon Khandeshwar,4160,4113.568141198664
2024-10-14,Nandgaon Khandeshwar,4150,4174.93000344161
2024-10-16,Nandgaon Khandeshwar,4080,4195.1058863158905
2024-10-17,Nandgaon Khandeshwar,4050,4055.0791755563114
2024-10-18,Nandgaon Khandeshwar,3975,3987.7902685239915
2024-10-25,Nandgaon Khandeshwar,4200,4013.677344288608
2024-10-26,Nandgaon Khandeshwar,4175,4201.592365604678
2024-11-05,Nandgaon Khandeshwar,3992,4131.347618274927
2024-11-06,Nandgaon Khandeshwar,3975,3963.7494617944412
2024-11-08,Nandgaon Khandeshwar,4050,3981.1114709669873
2024-11-09,Nandgaon Khandeshwar,4065,4090.250832463249
2024-11-11,Nandgaon Khandeshwar,3980,4101.39074030462
2024-11-13,Nandgaon Khandeshwar,3955,3960.849709712911
2024-11-14,Nandgaon Khandeshwar,3950,3920.0990796701244
2024-11-16,Nandgaon Khandeshwar,4180,4019.1392387668
2024-11-18,Nandgaon Khandeshwar,4095,4127.764888750118
2024-11-19,Nandgaon Khandeshwar,2572,3820.476495968862
2024-11-27,Nandgaon Khandeshwar,3850,3083.9150682669933
2024-12-02,Nandgaon Khandeshwar,4050,3641.1275337630323
2024-12-03,Nandgaon Khandeshwar,3990,4257.208520999204
2024-12-04,Nandgaon Khandeshwar,4015,3811.8384788576204
2024-01-05,Ner Parasopant,4594,4553.085305713414
2024-01-06,Ner Parasopant,4451,4606.231442431155
2024-01-08,Ner Parasopant,4466,4524.907317550113
2024-01-09,Ner Parasopant,4534,4494.1934952337015
2024-01-10,Ner Parasopant,4532,4548.765711803704
2024-01-11,Ner Parasopant,4547,4560.840968052642
2024-01-12,Ner Parasopant,4525,4560.511623659037
2024-01-13,Ner Parasopant,4525,4523.496183271276
2024-01-15,Ner Parasopant,4521,4552.078083360384
2024-01-16,Ner Parasopant,4559,4571.419049439139
2024-01-17,Ner Parasopant,4485,4563.219499324574
2024-01-18,Ner Parasopant,4409,4519.450529698084
2024-01-19,Ner Parasopant,4404,4448.424522580597
2024-01-20,Ner Parasopant,4398,4460.638824862001
2024-01-23,Ner Parasopant,4419,4454.77326575336
2024-01-24,Ner Parasopant,4428,4454.116156051483
2024-01-27,Ner Parasopant,4335,4417.896008773332
2024-01-29,Ner Parasopant,4200,4328.797549224844
2024-01-30,Ner Parasopant,4136,4248.201373981783
2024-01-31,Ner Parasopant,4231,4226.609174210731
2024-02-01,Ner Parasopant,4341,4296.571929621741
2024-02-02,Ner Parasopant,4250,4332.531366607533
2024-02-03,Ner Parasopant,4177,4223.641898247217
2024-02-05,Ner Parasopant,4218,4146.324990397174
2024-02-06,Ner Parasopant,4188,4226.997627320465
2024-02-07,Ner Parasopant,4357,4293.3865131965795
2024-02-08,Ner Parasopant,4380,4351.318713259099
2024-02-09,Ner Parasopant,3918,4275.861188465407
2024-02-10,Ner Parasopant,4365,4072.4858438780575
2024-02-12,Ner Parasopant,4338,4273.275623265288
2024-02-13,Ner Parasopant,4270,4424.138602663961
2024-02-14,Ner Parasopant,4253,4262.996789265995
2024-02-15,Ner Parasopant,3838,4145.132027378655
2024-02-16,Ner Parasopant,4244,3969.6513521426878
2024-02-17,Ner Parasopant,4273,4312.521521539384
2024-02-20,Ner Parasopant,4282,4336.777835650604
2024-02-21,Ner Parasopant,4320,4207.462940935962
2024-02-23,Ner Parasopant,4222,4225.670769826047
2024-02-24,Ner Parasopant,4258,4193.0007789963165
2024-02-27,Ner Parasopant,4112,4331.254534910429
2024-02-28,Ner Parasopant,4121,4192.621679910331
2024-02-29,Ner Parasopant,4218,4171.8344655029105
2024-03-01,Ner Parasopant,4248,4239.709956922288
2024-03-02,Ner Parasopant,4198,4226.173979125033
2024-03-04,Ner Parasopant,4304,4196.933187003247
2024-03-05,Ner Parasopant,4204,4212.587021931788
2024-03-06,Ner Parasopant,4249,4252.120607950219
2024-03-07,Ner Parasopant,4220,4249.164211909041
2024-03-09,Ner Parasopant,4181,4246.984388382145
2024-03-11,Ner Parasopant,4162,4179.70888980235
2024-03-12,Ner Parasopant,4090,4179.875570594031
2024-03-13,Ner Parasopant,4270,4134.817587802323
2024-03-15,Ner Parasopant,4265,4251.746912829645
2024-03-16,Ner Parasopant,4303,4277.274462279378
2024-03-18,Ner Parasopant,4333,4246.606695600867
2024-03-19,Ner Parasopant,4106,4250.2175058834855
2024-03-21,Ner Parasopant,3911,4110.791258937183
2024-03-22,Ner Parasopant,4187,4062.0991585261036
2024-03-26,Ner Parasopant,4055,4165.273171942385
2024-03-27,Ner Parasopant,4163,4166.680571362802
2024-04-06,Ner Parasopant,4256,4129.637343443916
2024-04-08,Ner Parasopant,4338,4187.633360454984
2024-04-19,Ner Parasopant,4336,4285.843669459358
2024-05-03,Ner Parasopant,4295,4353.577765675251
2024-05-04,Ner Parasopant,4315,4270.857260479579
2024-05-06,Ner Parasopant,4428,4360.200229774928
2024-05-07,Ner Parasopant,4386,4434.342038271498
2024-05-08,Ner Parasopant,4439,4420.4383820978965
2024-05-09,Ner Parasopant,4280,4376.277695367809
2024-05-11,Ner Parasopant,4351,4336.658917408695
2024-05-13,Ner Parasopant,4274,4342.609821801256
2024-05-14,Ner Parasopant,4221,4341.775126973296
2024-05-15,Ner Parasopant,4300,4252.476198047114
2024-05-16,Ner Parasopant,4262,4301.237245958395
2024-05-17,Ner Parasopant,4295,4271.2037107596625
2024-05-18,Ner Parasopant,4250,4294.035035489649
2024-05-20,Ner Parasopant,4298,4250.509675752317
2024-05-21,Ner Parasopant,4293,4282.731826586023
2024-05-24,Ner Parasopant,4173,4301.177896334593
2024-05-25,Ner Parasopant,4188,4202.099748629003
2024-05-27,Ner Parasopant,4293,4212.578947806462
2024-05-28,Ner Parasopant,4278,4288.463318525741
2024-05-29,Ner Parasopant,4266,4293.032731201076
2024-05-30,Ner Parasopant,4112,4210.118663605919
2024-05-31,Ner Parasopant,4274,4157.248135432863
2024-06-01,Ner Parasopant,4274,4265.683527082136
2024-06-03,Ner Parasopant,4251,4308.062470535186
2024-06-04,Ner Parasopant,4279,4223.6587593212225
2024-06-05,Ner Parasopant,4229,4229.872871943147
2024-06-06,Ner Parasopant,4335,4233.705802124023
2024-06-07,Ner Parasopant,4197,4319.822410925475
2024-06-08,Ner Parasopant,4245,4244.059973621292
2024-06-10,Ner Parasopant,4227,4204.786259831035
2024-06-11,Ner Parasopant,4281,4259.399464180911
2024-06-12,Ner Parasopant,4199,4245.005075620891
2024-06-13,Ner Parasopant,4235,4233.541634412757
2024-06-15,Ner Parasopant,4028,4156.364552606901
2024-06-18,Ner Parasopant,3961,4085.0082375599122
2024-06-19,Ner Parasopant,4263,4035.7530342583705
2024-06-20,Ner Parasopant,4200,4231.404129805314
2024-06-21,Ner Parasopant,4063,4183.249203106156
2024-06-22,Ner Parasopant,4123,4034.6591923633077
2024-06-24,Ner Parasopant,4374,4080.1964754436085
2024-06-25,Ner Parasopant,4057,4281.811135130789
2024-06-26,Ner Parasopant,4199,4196.177171937734
2024-06-27,Ner Parasopant,3956,4043.617858355752
2024-06-28,Ner Parasopant,4006,4040.1778876088083
2024-06-29,Ner Parasopant,4230,4072.7243138415033
2024-07-01,Ner Parasopant,4146,4248.392938513227
2024-07-02,Ner Parasopant,3999,4078.6154442279694
2024-07-03,Ner Parasopant,4269,4057.4255060983924
2024-07-04,Ner Parasopant,4139,4151.3197515036645
2024-07-05,Ner Parasopant,4053,4226.333605709095
2024-07-06,Ner Parasopant,4236,4129.230202592797
2024-07-08,Ner Parasopant,4159,4170.197247672273
2024-07-09,Ner Parasopant,4128,4188.301056380875
2024-07-10,Ner Parasopant,4138,4173.42732826692
2024-07-11,Ner Parasopant,4084,4112.065881207271
2024-07-12,Ner Parasopant,4037,4118.27949017201
2024-07-13,Ner Parasopant,4217,4148.868651899442
2024-07-15,Ner Parasopant,3996,4140.571537682437
2024-07-16,Ner Parasopant,4129,4082.1909854128826
2024-07-18,Ner Parasopant,4092,4078.573015176202
2024-07-19,Ner Parasopant,4274,4163.274706749256
2024-07-22,Ner Parasopant,4163,4204.138420179599
2024-07-23,Ner Parasopant,4205,4215.756948178614
2024-07-24,Ner Parasopant,4065,4104.559937743263
2024-07-25,Ner Parasopant,4202,4174.427917538478
2024-07-26,Ner Parasopant,4251,4204.502053936285
2024-07-27,Ner Parasopant,4019,4273.066480416746
2024-07-29,Ner Parasopant,3976,4028.726535213158
2024-07-30,Ner Parasopant,3959,3988.1492527208593
2024-07-31,Ner Parasopant,3975,4013.6041003461414
2024-08-01,Ner Parasopant,4206,4085.6831387947823
2024-08-02,Ner Parasopant,4171,4148.064512762017
2024-08-03,Ner Parasopant,4097,4094.5405551021995
2024-08-05,Ner Parasopant,4027,4028.7837055919845
2024-08-06,Ner Parasopant,4103,4045.611763717441
2024-08-07,Ner Parasopant,3880,4095.9268790379647
2024-08-08,Ner Parasopant,3869,4009.1707988900926
2024-08-09,Ner Parasopant,4131,3916.661127856365
2024-08-10,Ner Parasopant,4103,4094.7129633128625
2024-08-12,Ner Parasopant,4005,4077.5731817835185
2024-08-13,Ner Parasopant,3813,3931.593824436408
2024-08-14,Ner Parasopant,3760,3789.380361856587
2024-08-16,Ner Parasopant,3861,3856.9792181718694
2024-08-17,Ner Parasopant,4040,3997.7111666778655
2024-08-20,Ner Parasopant,3909,3976.602785609317
2024-08-21,Ner Parasopant,4069,3894.0118231399483
2024-08-22,Ner Parasopant,3909,3904.255888253874
2024-08-23,Ner Parasopant,4096,3982.6385503628626
2024-08-24,Ner Parasopant,3964,4054.7773584615607
2024-08-26,Ner Parasopant,4011,4047.3325272910133
2024-08-27,Ner Parasopant,4082,3967.479748234702
2024-08-28,Ner Parasopant,4119,4108.498704854295
2024-08-29,Ner Parasopant,4313,4109.5345888773245
2024-08-30,Ner Parasopant,4249,4261.5260896154505
2024-09-04,Ner Parasopant,4331,4204.172483142065
2024-09-05,Ner Parasopant,4064,4219.478742171752
2024-09-06,Ner Parasopant,4143,4148.602175642158
2024-09-09,Ner Parasopant,4200,4143.446148206516
2024-09-10,Ner Parasopant,4191,4264.995046018339
2024-09-11,Ner Parasopant,4140,4161.416385204173
2024-09-13,Ner Parasopant,4542,4188.35492928458
2024-09-14,Ner Parasopant,4535,4364.286238924813
2024-09-17,Ner Parasopant,4561,4519.338805420872
2024-09-18,Ner Parasopant,4452,4425.3167502585
2024-09-19,Ner Parasopant,4260,4380.9180097751705
2024-09-20,Ner Parasopant,4397,4336.802610997263
2024-09-21,Ner Parasopant,4334,4473.3118703099735
2024-09-23,Ner Parasopant,4402,4387.15840487927
2024-09-24,Ner Parasopant,4476,4358.583474219184
2024-09-25,Ner Parasopant,4399,4382.928972954578
2024-09-26,Ner Parasopant,4360,4341.573370241005
2024-09-27,Ner Parasopant,4266,4348.36339208053
2024-09-28,Ner Parasopant,4353,4298.0148268557205
2024-09-30,Ner Parasopant,4351,4350.983692814867
2024-10-01,Ner Parasopant,4249,4368.655768144978
2024-10-03,Ner Parasopant,4113,4218.8093173537
2024-10-04,Ner Parasopant,3907,4100.910031022313
2024-10-05,Ner Parasopant,4007,4010.0087457280024
2024-10-09,Ner Parasopant,3868,4044.5081349698175
2024-10-10,Ner Parasopant,3873,3960.7544896478885
2024-10-11,Ner Parasopant,3960,3869.221984039559
2024-10-14,Ner Parasopant,3857,3898.8607345248656
2024-10-15,Ner Parasopant,3840,3842.6856378239954
2024-10-16,Ner Parasopant,3415,3781.7166838358153
2024-10-17,Ner Parasopant,3898,3585.5302234011433
2024-10-18,Ner Parasopant,3810,3819.085941601081
2024-10-19,Ner Parasopant,3812,3936.1021071773775
2024-10-21,Ner Parasopant,3511,3658.2058126221436
2024-10-22,Ner Parasopant,3625,3539.267127873236
2024-10-23,Ner Parasopant,3643,3568.283927658
2024-10-24,Ner Parasopant,3854,3862.0908921912014
2024-10-25,Ner Parasopant,3979,3807.9288974029623
2024-10-26,Ner Parasopant,4007,3905.4562257121033
2024-10-29,Ner Parasopant,3819,3831.3053793051004
2024-10-30,Ner Parasopant,3215,3746.759370492049
2024-11-05,Ner Parasopant,3229,3392.7388860577266
2024-11-06,Ner Parasopant,3818,3470.507557618419
2024-11-08,Ner Parasopant,3840,3871.5632716159325
2024-11-09,Ner Parasopant,3973,3841.8142280887623
2024-11-11,Ner Parasopant,3855,3648.0707894722145
2024-11-12,Ner Parasopant,3785,3643.4618953746212
2024-11-13,Ner Parasopant,3838,3825.602390974658
2024-11-16,Ner Parasopant,4040,4035.495480546684
2024-11-18,Ner Parasopant,3955,4012.494033342502
2024-11-21,Ner Parasopant,3944,3980.979337059469
2024-11-22,Ner Parasopant,3971,3873.60788012995
2024-11-23,Ner Parasopant,3767,3931.1376123641967
2024-11-25,Ner Parasopant,4021,3886.173636143387
2024-11-26,Ner Parasopant,4043,4005.352707742377
2024-11-27,Ner Parasopant,3996,4034.4845700965598
2024-11-30,Ner Parasopant,4072,3973.237173687581
2024-12-02,Ner Parasopant,3942,3970.7428512400966
2024-12-03,Ner Parasopant,3870,3915.638243255893
2024-12-04,Ner Parasopant,3940,3944.5925260205986
2024-01-01,Pulgaon,4480,4414.954555906392
2024-01-02,Pulgaon,4300,4452.816706148438
2024-01-03,Pulgaon,4400,4467.331846934154
2024-01-04,Pulgaon,4525,4383.394717167272
2024-01-05,Pulgaon,4200,4475.504722847951
2024-01-06,Pulgaon,4200,4277.322594125657
2024-01-08,Pulgaon,4300,4240.830113225287
2024-01-09,Pulgaon,4195,4316.5853959211945
2024-01-10,Pulgaon,4325,4323.761149066488
2024-01-11,Pulgaon,4300,4304.600089959184
2024-01-12,Pulgaon,4500,4296.105862114438
2024-01-13,Pulgaon,4300,4430.313230289137
2024-01-15,Pulgaon,4475,4392.9456600537
2024-01-16,Pulgaon,4435,4395.606693598831
2024-01-17,Pulgaon,4300,4492.967038819559
2024-01-18,Pulgaon,4410,4366.748122410954
2024-01-19,Pulgaon,4270,4425.982654662706
2024-01-20,Pulgaon,4375,4350.109470871586
2024-01-23,Pulgaon,4370,4406.15912694265
2024-01-24,Pulgaon,4380,4397.251059859469
2024-01-25,Pulgaon,4380,4367.272318128147
2024-01-27,Pulgaon,4200,4389.062860967173
2024-01-29,Pulgaon,4150,4228.743662084165
2024-01-30,Pulgaon,4050,4206.541677188316
2024-01-31,Pulgaon,4170,4168.346765267073
2024-02-01,Pulgaon,4100,4185.830956687412
2024-02-02,Pulgaon,4080,4141.21672940081
2024-02-05,Pulgaon,4240,4060.259425779599
2024-02-06,Pulgaon,4300,4210.845157187037
2024-02-07,Pulgaon,4095,4245.474223844691
2024-02-08,Pulgaon,4200,4161.811917320254
2024-02-10,Pulgaon,4100,4146.500272796293
2024-02-14,Pulgaon,4150,4193.78870061859
2024-02-15,Pulgaon,4100,4188.341320827838
2024-02-20,Pulgaon,4200,4151.848869047501
2024-02-21,Pulgaon,4150,4139.96895810961
2024-02-22,Pulgaon,4190,4204.651469079974
2024-02-23,Pulgaon,4165,4158.920395868699
2024-02-28,Pulgaon,4200,4200.435056630375
2024-03-01,Pulgaon,4185,4190.52588306126
2024-03-04,Pulgaon,4150,4204.416613661959
2024-03-05,Pulgaon,4180,4151.51649700911
2024-03-06,Pulgaon,4150,4182.867753690531
2024-03-07,Pulgaon,4000,4143.122358042287
2024-03-11,Pulgaon,4100,4059.0916543431103
2024-03-12,Pulgaon,4075,4083.2185567050165
2024-03-13,Pulgaon,4200,4132.267583069057
2024-03-14,Pulgaon,4150,4159.141521448624
2024-03-15,Pulgaon,4175,4141.627251859407
2024-03-16,Pulgaon,4250,4133.86446061682
2024-03-18,Pulgaon,4170,4234.068231202671
2024-03-19,Pulgaon,4125,4175.398250563465
2024-03-20,Pulgaon,4165,4156.785097584057
2024-03-21,Pulgaon,4160,4165.330338550295
2024-03-22,Pulgaon,4125,4189.016869362022
2024-03-23,Pulgaon,4190,4159.993715019911
2024-03-26,Pulgaon,4200,4152.005321179211
2024-03-30,Pulgaon,4150,4194.007263215684
2024-04-02,Pulgaon,4165,4184.63843023325
2024-04-19,Pulgaon,4280,4199.749673301367
2024-04-23,Pulgaon,4320,4281.041630564203
2024-05-02,Pulgaon,4260,4317.917731863894
2024-05-06,Pulgaon,4200,4232.556328386259
2024-05-07,Pulgaon,4250,4202.186269599733
2024-05-17,Pulgaon,4180,4266.333395813846
2024-05-20,Pulgaon,4200,4251.513858721961
2024-05-24,Pulgaon,4200,4210.270636903399
2024-05-29,Pulgaon,4320,4218.993382162782
2024-05-30,Pulgaon,4180,4263.16954048952
2024-05-31,Pulgaon,4150,4214.971177772582
2024-06-03,Pulgaon,4300,4138.3434612114
2024-06-05,Pulgaon,4155,4263.523839640706
2024-06-07,Pulgaon,4200,4216.087609853745
2024-06-10,Pulgaon,4100,4154.016935771342
2024-10-09,Pulgaon,4265,4139.595149199045
2024-10-10,Pulgaon,4290,4245.215484825814
2024-10-11,Pulgaon,4275,4320.007389816643
2024-10-14,Pulgaon,4300,4211.800789675364
2024-10-15,Pulgaon,4225,4263.254796843288
2024-10-16,Pulgaon,4165,4223.702351167467
2024-10-17,Pulgaon,4190,4229.238762706398
2024-10-18,Pulgaon,4225,4221.400371012167
2024-10-19,Pulgaon,4175,4238.307261104115
2024-10-21,Pulgaon,4100,4170.7449033341945
2024-10-22,Pulgaon,4150,4101.117639078462
2024-10-23,Pulgaon,4065,4134.013217988579
2024-10-24,Pulgaon,4175,4143.191737134672
2024-10-25,Pulgaon,4180,4166.274898390524
2024-10-26,Pulgaon,4150,4179.259134584969
2024-10-28,Pulgaon,4130,4118.837152072796
2024-10-29,Pulgaon,4070,4125.423191254933
2024-10-30,Pulgaon,4070,4088.6905058711454
2024-11-04,Pulgaon,4100,4107.44639707902
2024-11-05,Pulgaon,4070,4098.929048145088
2024-11-06,Pulgaon,4070,4068.229721298154
2024-11-07,Pulgaon,4100,4058.3901963273147
2024-11-08,Pulgaon,4100,4083.782796147818
2024-11-09,Pulgaon,4090,4104.873811692551
2024-11-11,Pulgaon,4050,4074.0890187070163
2024-11-12,Pulgaon,3750,3990.012977957018
2024-11-13,Pulgaon,3865,3846.0642601696145
2024-11-14,Pulgaon,4020,3901.1502319192423
2024-11-15,Pulgaon,4100,4062.1834503979026
2024-11-16,Pulgaon,4085,4053.7340792360083
2024-11-18,Pulgaon,4070,3979.288397225946
2024-11-21,Pulgaon,4090,3971.0052326536206
2024-11-22,Pulgaon,4025,4105.002738920597
2024-11-25,Pulgaon,4065,4081.5012259816194
2024-11-26,Pulgaon,4175,4082.4077336140926
2024-11-27,Pulgaon,4250,4157.190130372139
2024-11-28,Pulgaon,4100,4179.088983569254
2024-12-02,Pulgaon,4160,4085.1137221271583
2024-12-03,Pulgaon,4065,4076.688631950168
2024-12-04,Pulgaon,4080,4119.924947571106
2024-01-02,Telhara,4520,4613.5131530445415
2024-01-06,Telhara,4570,4582.946684541221
2024-01-09,Telhara,4540,4547.207621961481
2024-01-11,Telhara,4540,4584.861656901587
2024-01-13,Telhara,4540,4566.043597965025
2024-01-20,Telhara,4510,4573.463903019232
2024-01-23,Telhara,4460,4510.515811717605
2024-01-25,Telhara,4460,4508.867720161363
2024-01-27,Telhara,4340,4472.94132724006
2024-02-01,Telhara,4320,4395.313673815728
2024-02-08,Telhara,4330,4354.52121004947
2024-02-13,Telhara,4360,4363.21505179001
2024-02-17,Telhara,4300,4363.856231538086
2024-02-24,Telhara,4320,4324.640741941723
2024-02-29,Telhara,4300,4292.115366689008
2024-03-02,Telhara,4300,4321.34329804112
2024-03-05,Telhara,4275,4300.72576804382
2024-03-09,Telhara,4260,4292.238580114568
2024-03-12,Telhara,4230,4246.709691877806
2024-03-14,Telhara,4290,4262.307136825077
2024-03-16,Telhara,4260,4279.851672978917
2024-03-19,Telhara,4280,4267.1107842284855
2024-03-21,Telhara,4260,4257.113205971813
2024-03-22,Telhara,4305,4272.659688731177
2024-04-02,Telhara,4300,4310.635464216624
2024-04-04,Telhara,4400,4355.643899818573
2024-04-06,Telhara,4360,4381.955849363132
2024-04-13,Telhara,4460,4404.455870857131
2024-05-02,Telhara,4310,4393.86310782273
2024-05-04,Telhara,4400,4380.027399251527
2024-05-07,Telhara,4410,4379.092669921378
2024-05-11,Telhara,4410,4465.017206429862
2024-05-21,Telhara,4310,4382.700900782875
2024-06-04,Telhara,4220,4313.445010005771
2024-06-06,Telhara,4290,4230.0372839236625
2024-06-11,Telhara,4270,4315.428344188382
2024-06-13,Telhara,4280,4300.960703880586
2024-06-18,Telhara,4230,4242.3636802249075
2024-06-27,Telhara,4340,4221.884286754104
2024-07-02,Telhara,4310,4305.930713286945
2024-07-04,Telhara,4290,4349.2342712355385
2024-07-06,Telhara,4310,4293.846124457215
2024-07-09,Telhara,4150,4286.774943512233
2024-07-13,Telhara,4280,4235.261936614672
2024-08-01,Telhara,4160,4262.241606678606
2024-08-06,Telhara,4110,4198.638547718809
2024-09-07,Telhara,4440,4157.294073880903
2024-09-10,Telhara,4400,4343.420657272061
2024-09-19,Telhara,4430,4361.969093791617
2024-09-26,Telhara,4420,4342.9833417975005
2024-10-01,Telhara,4430,4365.049158022568
2024-10-15,Telhara,4200,4388.994184940528
2024-10-22,Telhara,4100,4305.82217617519
2024-10-24,Telhara,4260,4156.940331491231
2024-11-16,Telhara,4300,4290.43274016432
2024-11-21,Telhara,4100,4279.0702254183
2024-12-03,Telhara,4080,4070.3298501908794
2024-01-01,Yeotmal,4537,4527.157461556844
2024-01-02,Yeotmal,4472,4535.899716578559
2024-01-03,Yeotmal,4465,4569.083668725891
2024-01-04,Yeotmal,4422,4505.674297994765
2024-01-05,Yeotmal,4457,4479.085396633394
2024-01-08,Yeotmal,4510,4472.415395471564
2024-01-09,Yeotmal,4482,4521.726372601401
2024-01-10,Yeotmal,4535,4500.587298322138
2024-01-11,Yeotmal,4500,4524.911212387351
2024-01-12,Yeotmal,4455,4523.868525518807
2024-01-15,Yeotmal,4475,4494.341115075922
2024-01-16,Yeotmal,4470,4509.375005510956
2024-01-17,Yeotmal,4380,4494.561187901954
2024-01-18,Yeotmal,4447,4450.510340296632
2024-01-19,Yeotmal,4465,4454.561840529112
2024-01-23,Yeotmal,4445,4489.41371966929
2024-01-24,Yeotmal,4385,4460.559394983458
2024-01-25,Yeotmal,4345,4404.662609882824
2024-01-29,Yeotmal,4200,4342.303780614946
2024-01-30,Yeotmal,4207,4298.485976518461
2024-01-31,Yeotmal,4257,4271.601448214009
2024-02-01,Yeotmal,4222,4288.786782847597
2024-02-02,Yeotmal,4255,4248.836693592089
2024-02-05,Yeotmal,4230,4223.273950658391
2024-02-06,Yeotmal,4360,4240.785274265521
2024-02-07,Yeotmal,4300,4333.307744296468
2024-02-08,Yeotmal,4215,4319.912671554861
2024-02-09,Yeotmal,4370,4246.187112095413
2024-02-12,Yeotmal,4320,4347.626344063827
2024-02-13,Yeotmal,4342,4365.458619947365
2024-02-14,Yeotmal,4300,4341.603483392468
2024-02-15,Yeotmal,4280,4300.792499485791
2024-02-16,Yeotmal,4235,4290.366827225631
2024-02-20,Yeotmal,4272,4309.788891617109
2024-02-21,Yeotmal,4327,4290.408515422569
2024-02-22,Yeotmal,4330,4342.53606648506
2024-02-23,Yeotmal,4240,4309.2302812534035
2024-02-27,Yeotmal,4277,4252.932351114161
2024-02-28,Yeotmal,4335,4285.326605892858
2024-02-29,Yeotmal,4262,4352.703737781785
2024-03-01,Yeotmal,4312,4305.467142298361
2024-03-04,Yeotmal,4265,4270.155456509743
2024-03-05,Yeotmal,4235,4263.329435125939
2024-03-06,Yeotmal,4177,4245.837553953541
2024-03-07,Yeotmal,4165,4214.428052997226
2024-03-11,Yeotmal,4235,4180.793850399848
2024-03-12,Yeotmal,4270,4250.369072350886
2024-03-13,Yeotmal,4312,4258.934538375033
2024-03-14,Yeotmal,4237,4258.807759656751
2024-03-15,Yeotmal,4290,4235.0697814365885
2024-03-18,Yeotmal,4285,4266.031468883331
2024-03-19,Yeotmal,4242,4308.081069611335
2024-03-20,Yeotmal,4247,4261.503750996992
2024-03-21,Yeotmal,4272,4258.017724001371
2024-03-22,Yeotmal,4265,4268.101220387518
2024-04-02,Yeotmal,4245,4301.01363732125
2024-04-03,Yeotmal,4267,4268.175904152449
2024-04-04,Yeotmal,4267,4281.815320495603
2024-04-05,Yeotmal,4332,4313.505229801649
2024-04-08,Yeotmal,4447,4350.741007084658
2024-04-15,Yeotmal,4367,4402.305004578015
2024-04-19,Yeotmal,4237,4354.947151042907
2024-04-22,Yeotmal,4402,4287.8995342269845
2024-04-24,Yeotmal,4240,4375.103702614406
2024-04-25,Yeotmal,4332,4369.913518057148
2024-04-29,Yeotmal,4372,4335.777939488091
2024-04-30,Yeotmal,4337,4362.12123008343
2024-05-02,Yeotmal,4340,4328.517589589388
2024-05-03,Yeotmal,4372,4368.915764068213
2024-05-06,Yeotmal,4385,4339.425096929284
2024-05-07,Yeotmal,4445,4420.734453561312
2024-05-08,Yeotmal,4300,4411.26172721333
2024-05-09,Yeotmal,4482,4356.089789023843
2024-05-13,Yeotmal,4357,4409.391118339314
2024-05-14,Yeotmal,4275,4402.876846331357
2024-05-15,Yeotmal,4342,4295.480124058533
2024-05-16,Yeotmal,4387,4364.002253565157
2024-05-17,Yeotmal,4322,4383.577108171437
2024-05-20,Yeotmal,4320,4359.547495809315
2024-05-21,Yeotmal,4367,4284.739765834398
2024-05-22,Yeotmal,4315,4347.586015039369
2024-05-24,Yeotmal,4320,4360.114421460097
2024-05-27,Yeotmal,4292,4313.081492021922
2024-05-28,Yeotmal,4332,4305.17523867323
2024-05-29,Yeotmal,4392,4346.348824575343
2024-06-03,Yeotmal,4327,4366.997671191966
2024-06-04,Yeotmal,4335,4313.191772072469
2024-06-05,Yeotmal,4257,4299.930611282316
2024-06-06,Yeotmal,4247,4279.430959297455
2024-06-07,Yeotmal,4270,4277.3411575525715
2024-06-10,Yeotmal,4240,4277.2261282000545
2024-06-11,Yeotmal,4240,4233.645943688976
2024-06-12,Yeotmal,4285,4234.764879742919
2024-06-13,Yeotmal,4242,4249.978985034533
2024-06-14,Yeotmal,4282,4259.778962053118
2024-06-18,Yeotmal,4250,4252.866803185178
2024-06-19,Yeotmal,4320,4261.684254110822
2024-06-20,Yeotmal,4300,4294.180235985312
2024-06-21,Yeotmal,4382,4323.1548111500015
2024-06-24,Yeotmal,4300,4312.339561458804
2024-06-25,Yeotmal,4315,4311.621008243281
2024-06-26,Yeotmal,4260,4278.922475406129
2024-06-27,Yeotmal,4342,4309.273845598274
2024-06-28,Yeotmal,4355,4328.494171847991
2024-07-01,Yeotmal,4285,4365.062243542256
2024-07-02,Yeotmal,4292,4281.043929247708
2024-07-03,Yeotmal,4307,4303.827936007279
2024-07-04,Yeotmal,4272,4324.470191948767
2024-07-05,Yeotmal,4287,4327.240422726678
2024-07-08,Yeotmal,4270,4286.342369148839
2024-07-09,Yeotmal,4265,4275.072890301428
2024-07-10,Yeotmal,4270,4287.221168968808
2024-07-11,Yeotmal,4170,4270.784882765325
2024-07-12,Yeotmal,4247,4223.853712649419
2024-07-15,Yeotmal,4275,4251.183173453261
2024-07-18,Yeotmal,4277,4297.326428681361
2024-07-19,Yeotmal,4167,4260.871293933687
2024-07-22,Yeotmal,4240,4192.936906035051
2024-07-23,Yeotmal,4285,4227.0592282306425
2024-07-24,Yeotmal,4252,4322.306761221023
2024-07-25,Yeotmal,4262,4271.058504070426
2024-07-26,Yeotmal,4230,4244.228639820543
2024-07-29,Yeotmal,4150,4211.415721317662
2024-07-30,Yeotmal,4102,4197.234410089528
2024-07-31,Yeotmal,4232,4171.3698472186425
2024-08-01,Yeotmal,4182,4214.998725514561
2024-08-02,Yeotmal,4065,4191.146768091045
2024-08-05,Yeotmal,4145,4067.2496952444308
2024-08-06,Yeotmal,4122,4109.484173625604
2024-08-07,Yeotmal,4165,4163.541259171288
2024-08-08,Yeotmal,4115,4168.739351203154
2024-08-12,Yeotmal,4087,4093.0770273534217
2024-08-13,Yeotmal,3970,4045.2021193562414
2024-08-14,Yeotmal,4017,4035.886804415675
2024-08-16,Yeotmal,3912,4011.3300346965952
2024-08-20,Yeotmal,4002,3984.8876977789205
2024-08-21,Yeotmal,4047,3978.70117437883
2024-08-22,Yeotmal,3967,4025.141308118602
2024-08-23,Yeotmal,4110,3974.060915751368
2024-08-26,Yeotmal,4207,4072.922186466203
2024-08-27,Yeotmal,4212,4162.393137296936
2024-08-28,Yeotmal,4262,4200.41773046211
2024-08-29,Yeotmal,4240,4208.323520585063
2024-08-30,Yeotmal,4265,4224.98582910874
2024-09-04,Yeotmal,4475,4309.648841992008
2024-09-05,Yeotmal,4287,4398.479287482787
2024-09-06,Yeotmal,4257,4304.059962279271
2024-09-09,Yeotmal,4342,4229.290725869883
2024-09-10,Yeotmal,4297,4325.326040656935
2024-09-13,Yeotmal,4445,4363.070264960537
2024-09-17,Yeotmal,4397,4400.965347101559
2024-09-18,Yeotmal,4427,4340.45518434543
2024-09-19,Yeotmal,4412,4367.5225268474005
2024-09-20,Yeotmal,4325,4400.643253933817
2024-09-23,Yeotmal,4272,4314.858673779745
2024-09-24,Yeotmal,4275,4305.973666939728
2024-09-25,Yeotmal,4438,4302.252759603374
2024-09-26,Yeotmal,4442,4406.617127383603
2024-09-27,Yeotmal,4392,4393.803725907297
2024-09-30,Yeotmal,4405,4313.591722212568
2024-10-01,Yeotmal,4262,4350.99581367883
2024-10-03,Yeotmal,4215,4319.240234661143
2024-10-04,Yeotmal,4152,4275.959366336245
2024-10-09,Yeotmal,4037,4182.3869214821425
2024-10-10,Yeotmal,4047,4092.319767560406
2024-10-11,Yeotmal,4088,4079.485726920291
2024-10-14,Yeotmal,4240,4092.0539083892036
2024-10-15,Yeotmal,4115,4163.0464873729525
2024-10-16,Yeotmal,4130,4097.2407754584765
2024-10-17,Yeotmal,4132,4064.5760107971837
2024-10-18,Yeotmal,3875,4104.77217966798
2024-10-21,Yeotmal,4050,3972.7941403295426
2024-10-23,Yeotmal,4112,4048.5189192727958
2024-10-24,Yeotmal,4082,4119.676964194372
2024-10-25,Yeotmal,4125,4074.6520074520977
2024-10-28,Yeotmal,4065,4046.307416065558
2024-11-04,Yeotmal,4100,4053.247701769402
2024-11-05,Yeotmal,4082,4135.864550376384
2024-11-06,Yeotmal,4047,4106.9605449632945
2024-11-11,Yeotmal,4012,4038.827044749816
2024-11-12,Yeotmal,3975,4025.2579443523045
2024-11-13,Yeotmal,3985,3995.9893640509254
2024-11-14,Yeotmal,4050,4026.689260545414
2024-11-18,Yeotmal,4060,4037.555460802725
2024-11-21,Yeotmal,4147,4074.2000757680016
2024-11-22,Yeotmal,4097,4100.35298983191
2024-11-25,Yeotmal,4120,4090.3588250966277
2024-11-26,Yeotmal,4097,4096.612784092666
2024-11-27,Yeotmal,4150,4130.427290005497
2024-11-28,Yeotmal,4070,4129.68194392455
2024-12-02,Yeotmal,4042,4074.8850508605956
2024-12-03,Yeotmal,4020,4009.206889815465
2024-12-04,Yeotmal,4022,4031.7831311505324
2024-12-05,Yeotmal,4037,4030.315403924458
